record_id;sole_id;timestamp;sv1;sv2;sv3;sv4;sv5;sv6;sv7;sv8;sv9;sv10;sv11;sv12;change
0;2;1440891142057;200;128;128;240;150;190;222;231;146;208;198;196;0
0;1;1440891142061;284;150;152;287;149;178;405;222;156;278;191;121;0
0;2;1440891142073;201;126;128;241;149;191;226;229;148;207;191;195;0
0;1;1440891142076;284;151;160;290;152;184;411;225;167;283;194;129;0
0;2;1440891142089;197;125;128;242;152;190;223;232;149;209;196;197;0
0;1;1440891142092;285;148;145;290;153;179;412;225;157;286;195;128;0
0;2;1440891142106;201;124;124;238;147;186;223;229;145;204;190;192;0
0;1;1440891142110;286;151;146;288;152;177;409;226;157;286;197;130;0
0;2;1440891142122;200;125;124;243;148;191;225;234;147;204;193;194;0
0;1;1440891142126;285;148;146;288;150;178;409;226;152;287;196;133;0
0;2;1440891142140;193;122;123;244;154;193;226;230;148;204;189;194;0
0;1;1440891142143;286;154;148;290;155;180;409;229;157;284;196;132;0
0;2;1440891142156;200;126;125;246;153;194;229;229;149;206;180;196;0
0;1;1440891142159;284;153;147;289;156;178;409;232;158;282;198;128;0
0;2;1440891142173;200;126;129;243;154;191;229;231;151;205;183;196;0
0;1;1440891142177;284;152;144;285;151;173;409;232;156;283;199;129;0
0;2;1440891142189;204;130;125;242;152;187;230;237;149;203;185;197;0
0;1;1440891142193;283;153;148;286;153;178;407;229;159;281;195;130;0
0;2;1440891142206;200;126;127;243;153;191;236;240;152;212;189;202;0
0;1;1440891142209;287;155;156;289;153;180;409;228;159;283;199;132;0
0;2;1440891142223;201;135;130;239;154;191;230;235;149;205;185;197;0
0;1;1440891142226;286;154;158;289;153;183;409;229;161;282;199;133;0
0;2;1440891142240;202;133;126;246;157;193;228;240;147;199;187;192;0
0;1;1440891142242;288;157;153;289;156;180;408;233;157;279;199;130;0
0;2;1440891142256;204;133;129;244;156;192;225;235;145;201;186;193;0
0;1;1440891142260;291;162;153;289;157;177;408;236;153;279;206;128;0
0;2;1440891142273;205;134;131;241;153;190;227;236;147;205;186;197;0
0;1;1440891142276;288;162;153;291;158;181;411;239;156;280;205;132;0
0;2;1440891142290;201;130;130;244;154;191;227;228;150;203;180;197;0
0;1;1440891142293;284;158;148;287;157;177;413;241;159;277;208;126;0
0;2;1440891142307;201;128;128;243;154;193;230;233;148;207;184;201;0
0;1;1440891142309;286;160;151;289;155;180;409;235;155;279;203;129;0
0;2;1440891142324;203;127;124;239;148;188;229;233;147;206;183;197;0
0;1;1440891142326;286;154;147;289;152;178;410;232;159;276;198;127;0
0;2;1440891142340;201;129;128;244;158;196;230;237;151;205;186;198;0
0;1;1440891142342;286;155;149;291;157;180;413;235;161;276;201;125;0
0;2;1440891142357;206;132;128;240;154;191;228;233;150;205;180;199;0
0;1;1440891142359;286;156;146;292;158;180;412;238;159;273;199;124;0
0;2;1440891142375;204;130;131;244;152;195;225;231;146;204;181;195;0
0;1;1440891142376;283;155;140;292;158;180;411;242;155;271;203;119;0
0;2;1440891142391;205;130;131;242;153;195;228;235;149;204;181;197;0
0;1;1440891142392;285;161;147;291;161;180;408;254;160;274;211;123;0
0;2;1440891142407;201;130;128;243;155;193;228;234;148;208;185;201;0
0;1;1440891142409;287;164;148;290;162;179;406;260;154;272;213;121;0
0;1;1440891142425;285;161;146;289;161;180;407;261;155;271;214;123;0
0;2;1440891142425;203;134;132;244;158;194;229;236;152;204;181;196;0
0;2;1440891142441;202;126;127;243;153;194;234;233;152;206;178;197;0
0;1;1440891142443;286;161;148;289;160;180;409;263;156;289;215;125;0
0;2;1440891142458;198;127;152;243;156;210;232;239;161;202;183;204;0
0;1;1440891142459;285;162;148;289;161;180;406;266;155;272;214;124;0
0;2;1440891142474;203;127;154;241;150;204;229;232;159;205;178;206;0
0;1;1440891142475;286;169;151;291;171;186;406;271;157;273;218;127;0
0;2;1440891142491;200;123;150;242;148;203;231;234;160;209;180;208;0
0;1;1440891142492;285;171;150;290;173;183;404;272;157;273;222;131;0
0;1;1440891142508;284;170;151;290;172;186;404;268;157;274;220;131;0
0;2;1440891142508;199;129;139;243;157;202;230;237;155;205;181;205;0
0;2;1440891142524;201;126;139;244;155;199;228;220;153;202;177;201;0
0;1;1440891142526;285;169;150;290;169;182;404;269;155;274;221;130;0
0;1;1440891142542;285;170;148;290;171;183;403;275;157;272;223;124;0
0;2;1440891142542;200;129;136;243;154;198;232;236;155;203;179;202;0
0;1;1440891142558;284;173;148;286;167;179;399;272;155;272;224;128;0
0;2;1440891142558;194;144;145;241;151;193;236;234;156;205;176;199;0
0;1;1440891142575;286;172;150;287;168;179;404;278;153;274;227;128;0
0;2;1440891142575;206;128;134;242;148;192;240;238;151;209;181;202;0
0;1;1440891142591;286;172;149;286;168;179;403;278;154;273;222;128;0
0;2;1440891142593;202;127;138;237;148;194;235;230;154;203;174;200;0
0;2;1440891142608;203;128;135;241;148;195;247;242;160;208;175;203;0
0;1;1440891142609;285;171;146;289;170;181;404;278;154;275;225;129;0
0;1;1440891142626;284;172;146;288;172;178;404;281;152;274;226;129;0
0;2;1440891142626;200;121;122;240;145;189;244;236;154;204;169;196;0
0;1;1440891142642;285;172;149;290;171;182;404;283;154;270;225;123;0
0;2;1440891142642;198;120;121;241;147;190;245;241;156;206;175;199;0
0;1;1440891142658;285;171;150;290;172;184;401;277;153;275;227;127;0
0;2;1440891142659;197;118;126;240;140;191;240;234;153;199;169;199;0
0;1;1440891142675;283;172;148;289;170;182;403;280;154;273;227;128;0
0;2;1440891142677;199;124;124;244;148;195;234;238;149;196;171;196;0
0;1;1440891142692;284;170;146;289;170;181;405;280;154;275;231;129;0
0;2;1440891142692;204;125;128;243;149;193;231;234;149;202;177;198;0
0;1;1440891142709;284;172;145;291;173;181;402;279;150;276;229;128;0
0;2;1440891142710;207;126;129;245;149;192;233;235;149;206;178;201;0
0;1;1440891142725;283;171;145;290;172;182;403;285;154;274;232;131;0
0;2;1440891142727;206;128;130;245;145;192;240;233;151;207;170;197;0
0;1;1440891142741;283;167;144;289;171;182;400;280;151;273;229;131;0
0;2;1440891142743;202;121;127;248;141;194;240;235;152;208;174;201;0
0;1;1440891142758;284;170;148;291;171;185;400;282;151;273;229;131;0
0;2;1440891142760;201;123;123;249;151;195;235;232;149;207;175;202;0
0;1;1440891142775;285;172;148;289;169;182;401;285;151;271;228;127;0
0;2;1440891142777;199;120;127;249;146;198;237;229;151;204;170;199;0
0;1;1440891142791;284;171;145;287;169;181;400;284;152;272;233;130;0
0;2;1440891142793;205;123;131;249;148;199;240;237;159;207;172;201;0
0;1;1440891142808;284;174;146;287;170;180;402;288;156;271;234;127;0
0;2;1440891142811;204;125;130;250;150;200;238;235;151;207;176;203;0
0;1;1440891142824;285;171;147;288;171;180;402;286;153;270;232;126;0
0;2;1440891142826;206;124;130;252;149;200;243;233;150;211;174;202;0
0;1;1440891142840;284;171;146;292;172;184;403;282;151;274;229;130;0
0;2;1440891142844;205;125;129;250;150;197;242;233;151;205;173;195;0
0;1;1440891142858;283;168;145;290;171;183;401;279;148;280;227;128;0
0;2;1440891142861;202;121;127;253;149;200;240;231;149;206;176;196;0
0;1;1440891142875;284;171;147;288;171;181;402;282;153;273;228;127;0
0;2;1440891142877;204;124;129;250;151;200;240;235;152;205;172;195;0
0;1;1440891142891;285;170;146;287;168;179;400;279;147;273;226;128;0
0;2;1440891142894;205;122;126;254;149;200;242;234;153;206;170;194;0
0;1;1440891142908;283;170;145;289;169;182;404;284;155;274;228;129;0
0;2;1440891142912;205;122;127;254;151;203;238;230;151;206;173;196;0
0;1;1440891142925;283;170;145;290;170;182;403;282;152;274;227;129;0
0;2;1440891142928;206;124;127;253;151;199;239;233;151;209;174;196;0
0;1;1440891142941;286;169;144;293;172;186;404;280;151;276;227;129;0
0;2;1440891142944;209;121;129;251;146;196;236;228;150;208;174;198;0
0;1;1440891142958;285;170;144;290;170;180;404;280;154;277;229;131;0
0;2;1440891142962;207;125;128;254;153;198;236;229;151;207;172;194;0
0;1;1440891142974;284;170;144;290;169;180;407;285;153;278;229;131;0
0;2;1440891142978;207;125;126;253;151;198;238;233;154;205;172;192;0
0;1;1440891142991;284;170;146;290;171;180;406;284;153;274;227;129;0
0;2;1440891142995;208;127;126;256;153;199;237;233;152;210;179;195;0
0;1;1440891143009;284;171;143;289;169;179;402;280;148;277;229;129;0
0;2;1440891143011;210;123;128;259;154;204;236;231;150;210;173;198;0
0;1;1440891143025;286;168;146;293;172;182;407;283;152;278;225;130;0
0;2;1440891143028;215;124;128;258;149;198;238;228;154;211;169;194;0
0;1;1440891143042;285;170;144;290;169;178;406;282;150;278;226;127;0
0;2;1440891143046;213;127;130;258;154;200;236;230;149;208;174;193;0
0;1;1440891143058;283;167;141;291;173;181;404;281;151;274;226;127;0
0;2;1440891143061;223;124;167;250;149;224;233;231;167;198;173;200;0
0;1;1440891143075;284;170;142;290;170;179;405;281;148;277;227;127;0
0;2;1440891143079;215;130;133;261;157;208;239;235;157;204;176;186;0
0;1;1440891143092;286;169;144;289;169;177;406;281;150;277;228;126;0
0;2;1440891143095;223;125;128;267;158;211;236;237;156;203;177;180;0
0;1;1440891143108;285;171;144;292;173;180;403;282;148;277;236;129;0
0;2;1440891143112;190;138;134;232;165;206;196;240;154;169;181;182;0
0;1;1440891143125;283;174;142;293;176;182;403;288;149;277;245;129;0
0;2;1440891143130;221;131;129;251;161;207;207;244;157;181;183;180;0
0;1;1440891143142;285;173;145;291;175;178;403;287;148;276;245;124;0
0;2;1440891143145;221;144;138;245;153;197;221;240;156;181;180;175;0
0;1;1440891143158;285;176;144;291;177;179;404;288;148;277;242;125;0
0;2;1440891143163;190;138;133;241;157;202;221;241;157;174;179;172;0
0;1;1440891143175;287;177;145;293;178;180;403;284;145;278;236;124;0
0;2;1440891143181;207;143;136;242;155;196;204;240;152;174;178;169;0
0;1;1440891143191;285;175;147;290;174;180;405;286;149;276;237;128;0
0;2;1440891143196;184;138;126;230;164;196;200;246;152;165;186;181;0
0;1;1440891143208;286;176;145;288;174;180;403;286;150;274;237;127;0
0;2;1440891143214;186;141;129;231;163;203;200;246;157;165;183;178;0
0;1;1440891143225;289;176;148;293;176;181;405;285;149;276;236;127;0
0;2;1440891143229;193;141;134;231;159;199;205;247;162;182;200;180;0
0;1;1440891143240;288;177;147;290;175;179;403;283;147;275;236;127;0
0;2;1440891143247;190;139;131;230;158;202;204;244;164;170;182;185;0
0;1;1440891143258;286;176;146;290;175;179;402;282;146;273;236;129;0
0;2;1440891143265;197;144;135;228;158;201;207;248;165;167;185;184;0
0;1;1440891143274;286;174;144;290;174;178;404;278;150;277;231;130;0
0;2;1440891143280;193;140;131;229;160;200;206;248;170;168;185;186;0
0;1;1440891143291;286;177;151;288;174;179;403;283;154;270;228;128;0
0;2;1440891143298;193;138;130;229;157;201;207;245;167;169;181;185;0
0;1;1440891143307;284;171;146;290;172;180;403;277;147;276;225;130;0
0;2;1440891143314;196;138;134;228;158;201;206;244;169;170;183;186;0
0;1;1440891143324;286;173;147;288;171;180;403;276;149;279;228;132;0
0;2;1440891143331;196;141;126;230;161;195;206;247;165;170;184;178;0
0;1;1440891143341;286;175;146;290;173;178;402;273;143;273;222;128;0
0;2;1440891143348;203;141;131;231;158;196;202;241;161;174;186;181;0
0;1;1440891143358;286;174;148;285;171;176;398;275;149;271;224;129;0
0;2;1440891143365;201;145;132;229;155;191;206;245;159;172;183;177;0
0;1;1440891143374;284;181;151;287;176;179;397;284;151;264;230;127;0
0;2;1440891143382;200;141;128;226;154;188;205;246;156;173;186;176;0
0;1;1440891143390;285;172;151;290;173;180;403;270;149;276;223;134;0
0;2;1440891143398;197;141;127;231;159;195;206;246;157;169;183;175;0
0;1;1440891143407;285;174;154;287;169;180;400;272;149;269;222;131;0
0;2;1440891143414;202;143;134;228;155;193;205;246;156;167;182;177;0
0;1;1440891143425;274;176;153;279;172;180;387;273;150;248;221;132;0
0;2;1440891143432;199;147;133;228;160;190;205;245;158;170;185;176;0
0;1;1440891143441;272;177;159;277;172;184;386;276;155;247;221;132;0
0;2;1440891143449;200;141;132;232;158;195;205;247;158;174;184;181;0
0;1;1440891143458;270;173;152;277;171;183;387;276;153;246;223;132;0
0;2;1440891143465;200;141;131;229;158;195;205;247;162;173;184;181;0
0;1;1440891143474;269;170;154;280;171;181;389;272;156;249;221;134;0
0;2;1440891143482;200;141;131;231;161;197;205;246;160;174;186;181;0
0;1;1440891143490;269;168;149;281;169;181;388;270;153;249;220;132;0
0;2;1440891143500;199;143;130;229;159;195;203;239;158;168;181;175;0
0;1;1440891143508;273;171;151;280;168;180;389;266;153;249;217;134;0
0;2;1440891143516;199;140;132;227;155;193;202;240;157;172;179;179;0
0;1;1440891143524;271;167;149;281;164;181;387;253;151;249;212;133;0
0;2;1440891143533;202;144;133;230;157;195;202;245;158;174;185;181;0
0;1;1440891143540;272;164;148;281;163;179;391;250;153;250;207;130;0
0;2;1440891143549;200;143;132;225;156;194;197;242;159;169;183;178;0
0;1;1440891143557;270;160;148;281;163;182;390;241;152;254;209;133;0
0;2;1440891143566;205;143;136;236;159;199;205;246;160;174;182;181;0
0;1;1440891143573;272;159;153;282;160;181;391;240;153;253;205;134;0
0;2;1440891143584;208;148;136;233;161;197;202;246;161;175;188;182;0
0;1;1440891143589;270;157;148;278;154;179;391;237;156;251;199;133;0
0;2;1440891143600;211;142;134;238;155;198;205;242;161;180;185;185;0
0;1;1440891143607;274;159;152;283;161;183;393;230;156;252;197;134;0
0;2;1440891143617;208;147;138;232;157;197;206;248;163;172;187;180;0
0;1;1440891143624;270;156;159;279;157;184;390;228;157;252;202;138;0
0;2;1440891143635;194;147;139;228;162;201;197;242;157;176;194;176;0
0;1;1440891143640;270;156;158;282;160;188;393;230;161;250;193;136;0
0;2;1440891143650;194;144;135;219;158;194;200;244;162;168;185;183;0
0;1;1440891143657;268;155;160;282;160;188;393;231;161;251;197;137;0
0;2;1440891143668;195;144;137;223;158;197;200;242;162;168;184;181;0
0;1;1440891143674;268;154;161;281;157;187;391;227;161;251;198;138;0
0;2;1440891143684;198;144;135;227;158;195;201;244;162;169;189;183;0
0;1;1440891143691;268;155;159;281;160;190;394;230;164;254;197;140;0
0;2;1440891143701;195;145;139;229;163;202;200;243;163;167;181;181;0
0;1;1440891143707;271;155;160;281;157;186;393;229;160;255;201;140;0
0;2;1440891143718;193;140;138;226;159;201;202;235;162;169;176;181;0
0;1;1440891143723;268;155;169;280;159;191;392;229;167;252;198;142;0
0;2;1440891143735;194;142;133;231;163;201;202;243;161;172;185;181;0
0;1;1440891143740;267;156;187;279;162;201;394;235;181;254;201;153;0
0;2;1440891143751;193;140;133;224;160;197;203;245;165;170;184;179;0
0;1;1440891143758;266;155;187;280;161;203;395;231;183;253;198;150;0
0;2;1440891143769;201;142;137;230;159;198;206;244;161;175;187;183;0
0;1;1440891143774;269;154;189;280;159;201;389;228;176;252;198;150;0
0;2;1440891143786;193;143;137;227;161;202;205;245;165;169;183;185;0
0;1;1440891143791;265;154;191;277;155;202;393;228;181;250;196;148;0
0;2;1440891143802;197;139;136;228;159;199;204;243;160;171;182;183;0
0;1;1440891143807;268;153;196;280;156;204;390;224;180;250;197;149;0
0;2;1440891143819;195;141;130;226;162;199;205;248;164;173;188;183;0
0;1;1440891143823;268;155;198;278;157;201;390;225;179;247;195;147;0
0;2;1440891143836;204;145;136;226;158;194;205;243;159;174;180;181;0
0;1;1440891143840;270;159;198;278;158;199;389;228;180;249;196;148;0
0;2;1440891143853;194;140;134;229;158;197;204;243;163;174;185;183;0
0;1;1440891143857;271;156;200;275;156;200;388;224;177;247;192;146;0
0;2;1440891143870;193;144;136;225;162;202;200;246;161;167;183;182;0
0;1;1440891143874;268;157;194;276;157;197;389;227;178;248;194;144;0
0;2;1440891143886;199;144;135;230;161;201;203;248;165;174;186;184;0
0;1;1440891143890;268;157;194;279;158;202;390;228;177;249;196;146;0
0;2;1440891143903;197;143;133;231;162;197;204;250;164;172;187;181;0
0;1;1440891143907;271;158;191;278;156;200;391;230;179;251;200;148;0
0;2;1440891143921;196;144;132;231;164;200;202;249;161;172;189;181;0
0;1;1440891143923;269;156;194;273;154;197;368;216;179;248;196;149;0
0;2;1440891143936;201;139;135;234;161;202;204;245;162;172;183;183;0
0;1;1440891143941;266;155;197;277;160;205;393;229;185;253;198;155;0
0;2;1440891143954;198;139;131;228;158;197;202;245;161;171;184;181;0
0;1;1440891143957;265;156;207;272;159;209;392;226;186;252;199;155;0
0;2;1440891143970;192;139;131;234;164;202;201;245;162;168;186;181;0
0;1;1440891143973;267;154;195;280;158;203;390;229;178;251;200;153;0
0;2;1440891143987;194;138;130;230;164;195;202;246;158;171;182;176;0
0;1;1440891143990;271;155;140;282;158;177;392;228;148;257;197;137;0
0;2;1440891144004;202;141;131;239;166;197;212;251;158;179;188;180;0
0;1;1440891144008;275;161;145;284;160;179;391;224;148;246;194;116;0
0;2;1440891144020;190;142;128;236;173;203;199;264;159;169;195;181;0
0;1;1440891144024;276;162;146;285;161;182;391;222;150;247;187;116;0
0;2;1440891144038;195;141;130;228;161;198;204;263;167;169;187;179;0
0;1;1440891144041;273;160;152;283;160;188;389;223;156;241;186;118;0
0;2;1440891144055;199;142;126;236;168;198;205;258;157;169;189;177;0
0;1;1440891144058;272;161;150;284;159;181;384;224;150;235;183;110;0
0;2;1440891144070;197;138;129;237;163;199;199;243;157;172;185;176;0
0;1;1440891144074;276;160;149;285;159;178;392;226;147;241;182;113;0
0;2;1440891144088;178;133;116;220;158;186;204;248;152;157;179;167;0
0;1;1440891144091;268;151;145;286;160;192;394;230;148;236;175;105;0
0;2;1440891144105;167;136;121;212;160;189;207;249;161;157;178;170;0
0;1;1440891144107;271;153;154;285;157;184;393;235;155;237;170;111;0
0;2;1440891144121;183;133;118;224;158;187;209;247;157;166;178;170;0
0;1;1440891144124;273;147;145;276;147;174;395;226;151;232;164;104;0
0;2;1440891144139;183;136;124;221;160;189;207;247;152;171;181;178;0
0;1;1440891144142;285;154;146;278;142;170;392;220;149;229;158;98;0
0;2;1440891144154;172;131;126;228;164;201;192;245;151;160;181;175;0
0;1;1440891144157;265;148;147;272;149;171;393;229;150;228;167;97;0
0;2;1440891144172;169;136;141;226;161;202;186;242;147;154;178;169;0
0;1;1440891144175;258;151;142;265;153;166;387;230;147;238;171;121;0
0;2;1440891144189;169;138;148;213;159;198;190;244;152;151;178;169;0
0;1;1440891144192;270;135;145;269;134;165;382;222;142;230;162;114;0
0;2;1440891144205;169;138;147;217;160;204;193;246;157;156;179;171;0
0;1;1440891144207;260;137;151;261;131;164;380;227;147;236;165;127;0
0;2;1440891144223;165;131;145;215;155;210;197;246;164;156;182;176;0
0;1;1440891144225;264;147;151;267;140;172;386;241;152;228;172;105;0
0;2;1440891144240;170;133;143;216;156;198;206;253;161;158;183;169;0
0;1;1440891144241;272;145;148;270;139;169;386;235;147;227;168;104;0
0;2;1440891144256;172;137;147;208;148;191;208;249;159;155;176;160;0
0;1;1440891144257;268;141;143;270;138;169;387;233;147;233;169;106;0
0;2;1440891144273;155;122;139;211;151;191;207;248;154;147;174;156;0
0;1;1440891144275;266;145;143;273;145;173;389;236;150;234;175;102;0
0;2;1440891144289;165;128;145;218;154;197;209;250;155;158;180;164;0
0;1;1440891144290;263;138;149;271;138;183;387;237;164;235;174;117;0
0;2;1440891144307;158;125;137;229;159;202;216;249;160;151;175;157;0
0;1;1440891144308;262;138;153;271;139;188;390;236;163;239;176;122;0
0;1;1440891144324;268;136;149;273;132;180;394;236;157;240;175;113;0
0;2;1440891144324;157;120;138;221;152;196;211;250;162;147;174;171;0
0;2;1440891144340;168;128;162;213;146;211;223;247;171;160;170;193;0
0;1;1440891144341;265;129;147;270;128;177;401;233;159;232;168;108;0
0;2;1440891144357;168;125;166;225;149;224;211;252;174;151;171;192;0
0;1;1440891144358;266;127;140;271;126;170;403;226;153;239;171;106;0
0;2;1440891144373;161;122;151;214;150;212;204;249;171;154;176;180;0
0;1;1440891144375;263;127;142;273;126;175;401;227;155;243;178;102;0
0;1;1440891144391;266;125;138;281;132;176;400;224;151;252;183;107;0
0;2;1440891144391;163;128;156;212;152;215;207;252;176;145;171;172;0
0;2;1440891144407;161;133;155;221;159;214;199;257;165;156;190;178;0
0;1;1440891144408;284;131;143;302;129;180;405;231;151;262;184;104;0
0;1;1440891144424;274;131;140;287;134;177;406;223;147;255;181;97;0
0;2;1440891144424;170;130;156;221;159;218;205;253;166;156;186;173;0
0;2;1440891144440;163;134;155;213;156;218;203;252;169;151;187;172;0
0;1;1440891144442;279;133;155;286;129;201;408;213;172;259;177;113;0
0;2;1440891144457;156;126;152;212;151;214;197;254;162;157;193;179;0
0;1;1440891144458;277;133;135;295;138;168;402;211;139;264;189;94;0
0;2;1440891144474;170;132;152;219;156;207;201;256;157;165;201;174;0
0;1;1440891144475;272;133;146;288;133;170;393;202;136;257;192;100;0
0;1;1440891144491;271;144;137;293;143;170;392;212;135;257;199;99;0
0;2;1440891144491;158;127;153;213;150;213;208;257;163;163;187;171;0
0;2;1440891144507;170;137;160;200;144;199;204;241;157;168;197;171;0
0;1;1440891144509;259;127;153;292;143;175;390;213;145;255;201;105;0
0;2;1440891144524;168;134;154;199;155;203;203;256;166;164;212;178;0
0;1;1440891144525;266;130;144;293;140;170;393;213;141;271;208;100;0
0;2;1440891144541;154;129;113;195;157;170;226;291;145;168;226;152;0
0;1;1440891144542;263;127;147;293;140;173;381;209;146;280;205;101;0
0;1;1440891144558;259;135;140;284;146;172;382;230;140;259;220;88;0
0;2;1440891144558;160;124;114;207;154;178;219;267;137;182;200;163;0
0;1;1440891144575;291;142;159;304;134;164;408;223;139;264;209;73;0
0;2;1440891144575;168;120;110;213;146;171;222;253;142;176;186;156;0
0;1;1440891144592;268;151;152;291;154;176;385;250;138;266;216;88;0
0;2;1440891144593;167;112;114;220;140;181;235;242;145;197;176;176;0
0;1;1440891144608;269;157;170;276;150;179;380;271;138;252;222;91;0
0;2;1440891144608;169;130;134;214;159;206;227;272;184;196;243;205;0
0;1;1440891144625;253;155;165;266;147;179;387;269;147;249;244;85;0
0;2;1440891144626;168;131;143;202;151;199;230;326;165;198;263;190;0
0;1;1440891144641;260;127;147;273;122;192;422;263;145;285;270;91;0
0;2;1440891144642;186;134;112;211;144;163;267;282;171;232;261;173;0
0;1;1440891144658;257;118;171;264;105;189;430;284;142;288;280;97;0
0;2;1440891144659;203;125;143;235;143;185;312;307;193;270;315;158;0
0;1;1440891144675;279;135;168;280;117;183;461;358;155;338;383;116;0
0;2;1440891144676;225;124;140;252;139;190;341;325;167;294;316;188;0
0;1;1440891144691;252;119;147;256;109;177;468;365;163;351;375;112;0
0;2;1440891144692;211;111;155;230;128;227;324;318;190;290;320;242;0
0;1;1440891144708;273;122;150;279;104;194;488;406;185;355;417;114;0
0;2;1440891144710;225;111;141;250;130;200;357;331;175;342;323;197;0
0;1;1440891144725;255;114;152;257;94;190;512;404;192;370;428;124;0
0;2;1440891144726;220;109;110;247;129;184;372;344;177;318;304;189;0
0;1;1440891144741;248;120;164;269;114;205;496;437;201;365;435;118;0
0;2;1440891144742;231;108;119;256;118;196;383;336;170;347;339;188;0
0;1;1440891144758;258;137;178;261;114;215;497;481;214;368;454;140;0
0;2;1440891144760;228;119;137;256;133;201;387;346;173;336;323;194;0
0;1;1440891144776;273;136;173;268;113;231;491;490;222;393;448;128;0
0;2;1440891144777;226;167;150;255;187;230;404;393;204;336;368;222;0
0;1;1440891144791;258;136;197;262;114;237;491;491;224;398;456;127;0
0;2;1440891144793;228;181;143;255;187;216;383;396;191;332;395;200;0
0;1;1440891144809;263;128;151;269;118;221;505;505;205;392;464;111;0
0;2;1440891144811;199;177;133;239;199;200;376;392;180;316;389;192;0
0;1;1440891144824;271;138;143;267;114;185;520;511;176;389;471;81;0
0;2;1440891144827;195;168;123;262;206;211;371;391;175;342;402;187;0
0;1;1440891144842;260;184;136;258;187;190;507;507;180;399;472;86;0
0;2;1440891144844;201;169;127;252;200;202;364;389;168;367;407;186;0
0;1;1440891144859;248;178;123;260;189;174;511;511;157;431;491;101;0
0;2;1440891144861;217;127;143;250;139;204;394;394;183;382;407;191;0
0;1;1440891144875;248;176;120;256;183;164;503;511;148;419;494;92;0
0;2;1440891144877;199;121;127;253;147;203;371;401;200;353;403;189;0
0;1;1440891144892;239;178;121;269;199;179;497;497;160;383;458;68;0
0;2;1440891144894;206;131;129;250;146;196;369;399;207;350;401;184;0
0;1;1440891144907;240;173;110;266;194;167;496;496;158;368;455;66;0
0;2;1440891144912;224;170;175;237;145;229;354;411;236;364;399;222;0
0;1;1440891144925;247;132;117;279;130;170;498;472;154;351;453;60;0
0;2;1440891144928;209;129;145;238;131;197;348;407;190;359;389;190;0
0;1;1440891144941;247;112;124;266;117;174;494;418;176;353;406;76;0
0;2;1440891144945;196;123;135;250;148;223;356;423;205;353;427;205;0
0;1;1440891144958;261;152;137;263;156;167;471;380;180;417;361;109;0
0;2;1440891144961;223;120;139;268;147;223;380;421;203;360;420;199;0
0;1;1440891144975;268;118;182;250;98;201;484;267;195;352;289;117;0
0;2;1440891144978;225;141;187;262;147;235;384;448;219;339;443;198;0
0;1;1440891144991;320;119;190;343;100;229;445;223;241;347;216;180;0
0;2;1440891144994;215;162;172;276;207;224;402;448;222;326;447;191;0
0;1;1440891145008;297;136;164;333;143;244;440;196;223;292;159;223;0
0;2;1440891145012;231;153;215;258;146;256;395;452;231;378;453;228;0
0;1;1440891145026;298;144;190;319;166;264;414;159;211;257;131;263;0
0;2;1440891145028;237;185;182;284;178;238;437;436;195;398;434;218;0
0;1;1440891145041;285;156;150;326;211;283;422;162;238;261;137;237;0
0;2;1440891145045;261;135;181;296;143;231;437;433;239;435;414;224;0
0;1;1440891145059;326;185;132;370;219;280;396;179;221;281;151;302;0
0;2;1440891145061;296;121;183;323;133;238;452;401;217;460;396;218;0
0;1;1440891145074;310;144;141;354;193;286;385;142;195;277;132;233;0
0;2;1440891145079;239;133;249;284;146;255;434;380;227;434;392;250;0
0;1;1440891145091;306;136;146;340;166;233;358;143;163;262;142;168;0
0;2;1440891145095;273;147;214;303;147;257;442;363;240;432;392;238;0
0;1;1440891145109;262;105;168;311;142;231;340;156;171;240;140;118;0
0;2;1440891145112;276;160;184;299;165;245;437;363;243;412;386;258;0
0;1;1440891145125;246;106;111;290;134;177;333;176;141;225;156;93;0
0;2;1440891145129;280;149;177;306;160;275;450;361;280;424;373;270;0
0;1;1440891145142;241;115;117;264;130;158;357;184;142;223;162;85;0
0;2;1440891145145;273;209;233;302;229;277;451;355;281;395;336;289;0
0;1;1440891145157;234;116;120;279;140;185;348;186;143;214;157;94;0
0;2;1440891145163;302;164;231;357;178;266;467;347;305;432;333;314;0
0;1;1440891145175;239;116;124;277;140;186;345;188;154;220;168;103;0
0;2;1440891145179;300;193;246;385;189;320;487;313;321;429;293;337;0
0;1;1440891145192;247;139;132;278;157;190;329;205;146;210;197;96;0
0;2;1440891145196;316;194;216;407;216;280;487;303;281;441;285;345;0
0;1;1440891145207;240;140;122;279;165;184;327;220;138;214;220;96;0
0;2;1440891145214;321;222;239;377;205;307;444;303;277;418;320;362;0
0;1;1440891145225;235;144;123;276;168;188;320;221;138;211;224;99;0
0;2;1440891145229;326;223;236;367;215;317;401;268;305;344;247;371;0
0;1;1440891145242;237;145;127;275;166;194;314;217;140;209;221;108;0
0;2;1440891145247;334;308;272;335;235;314;422;232;323;343;228;361;0
0;1;1440891145258;234;133;122;276;156;189;320;202;135;266;211;105;0
0;2;1440891145264;360;314;212;357;305;350;413;249;315;299;234;376;0
0;1;1440891145275;230;163;125;271;209;184;317;229;136;215;219;104;0
0;2;1440891145280;363;275;235;372;241;339;419;219;303;334;214;384;0
0;1;1440891145291;247;127;123;286;148;187;337;185;135;246;177;113;0
0;2;1440891145297;370;319;205;375;288;371;391;202;325;292;191;405;0
0;1;1440891145308;254;114;127;297;145;195;356;175;139;255;157;110;0
0;2;1440891145313;387;306;194;396;274;330;383;177;307;295;172;436;0
0;1;1440891145325;233;120;138;282;149;207;327;187;152;218;162;114;0
0;2;1440891145330;388;339;207;407;298;410;445;196;333;287;176;472;0
0;1;1440891145341;233;122;151;279;151;230;325;181;171;211;158;135;0
0;2;1440891145348;421;311;174;407;331;371;439;201;331;275;169;503;0
0;1;1440891145358;238;122;145;282;148;223;328;182;165;207;164;110;0
0;2;1440891145363;416;305;167;439;347;429;449;145;355;320;184;524;0
0;1;1440891145375;235;110;148;281;137;228;328;175;171;205;156;115;0
0;2;1440891145381;411;339;159;402;321;425;418;161;349;299;197;529;0
0;1;1440891145391;241;113;145;289;137;225;337;175;167;211;157;111;0
0;2;1440891145398;433;348;155;431;351;435;389;154;345;308;166;565;0
0;1;1440891145408;240;112;141;289;135;221;335;179;168;223;157;125;0
0;2;1440891145414;480;330;144;444;372;448;328;181;349;282;175;586;0
0;1;1440891145424;235;114;143;297;148;237;342;184;168;215;169;119;0
0;2;1440891145432;459;345;128;466;419;442;400;207;346;294;200;612;0
0;1;1440891145441;235;111;147;293;140;237;346;178;176;214;159;123;0
0;2;1440891145449;504;367;131;500;383;464;379;184;350;311;180;612;0
0;1;1440891145457;238;116;143;295;145;230;343;178;172;262;156;122;0
0;2;1440891145465;509;366;146;470;419;448;277;214;330;281;177;611;0
0;1;1440891145474;242;114;139;303;148;227;357;181;174;217;162;120;0
0;2;1440891145482;497;332;155;431;374;448;273;188;353;268;194;657;0
0;1;1440891145491;234;130;144;289;151;216;350;239;163;262;230;107;0
0;2;1440891145498;517;331;150;463;378;445;297;223;343;277;195;650;0
0;1;1440891145507;222;111;95;265;129;159;374;319;142;267;323;80;0
0;2;1440891145516;501;379;165;447;369;452;205;172;361;249;165;641;0
0;1;1440891145524;240;128;96;276;143;161;389;371;136;315;376;75;0
0;2;1440891145531;462;384;163;425;358;466;163;173;349;234;164;647;0
0;1;1440891145540;227;113;87;291;135;160;439;400;133;365;424;73;0
0;2;1440891145549;430;371;170;458;372;448;135;161;367;228;170;612;0
0;1;1440891145557;259;124;98;301;133;171;447;446;136;350;441;99;0
0;2;1440891145566;439;357;162;439;353;419;119;143;343;230;162;604;0
0;1;1440891145573;228;134;145;275;152;214;418;459;172;366;459;126;0
0;2;1440891145583;340;300;205;383;335;407;101;121;311;224;165;576;0
0;1;1440891145590;239;128;128;272;142;223;469;468;216;392;461;141;0
0;2;1440891145599;287;313;176;330;322;385;106;153;283;182;163;521;0
0;1;1440891145608;261;129;136;271;150;180;483;484;160;421;509;111;0
0;2;1440891145616;277;228;151;285;269;333;101;118;233;153;139;448;0
0;1;1440891145623;253;115;130;294;127;192;528;504;159;431;518;101;0
0;2;1440891145633;188;167;83;285;190;248;133;127;147;166;144;269;0
0;1;1440891145641;279;123;155;284;124;205;543;529;203;428;523;120;0
0;2;1440891145649;155;93;67;184;117;109;204;208;97;192;160;106;0
0;1;1440891145658;263;154;165;287;154;218;552;550;206;435;533;117;0
0;2;1440891145667;150;106;60;190;133;117;161;219;104;133;167;115;0
0;1;1440891145674;286;146;192;296;130;213;575;570;198;445;546;117;0
0;2;1440891145683;128;112;80;174;136;128;169;202;114;141;174;131;0
0;1;1440891145691;278;146;231;291;154;226;566;564;236;441;533;139;0
0;2;1440891145700;110;135;81;137;156;129;141;214;114;117;195;130;0
0;1;1440891145708;278;181;231;302;177;253;566;566;234;464;538;139;0
0;2;1440891145717;124;119;87;161;134;134;180;184;119;170;177;133;0
0;1;1440891145724;296;158;203;301;142;218;575;560;236;453;545;137;0
0;2;1440891145733;131;108;85;175;136;136;188;188;119;156;177;129;0
0;1;1440891145741;294;148;235;311;143;256;580;536;240;446;544;153;0
0;2;1440891145751;117;114;88;162;143;144;163;192;123;131;179;136;0
0;1;1440891145757;301;159;265;317;147;281;551;530;310;438;518;239;0
0;2;1440891145767;118;118;87;167;150;142;154;207;121;126;187;128;0
0;1;1440891145775;308;158;259;342;156;289;550;502;327;434;504;211;0
0;2;1440891145784;117;142;81;167;185;145;155;227;125;129;209;137;0
0;1;1440891145791;300;154;241;353;159;319;554;516;310;428;494;254;0
0;2;1440891145801;122;141;82;161;176;142;158;228;125;124;200;130;0
0;1;1440891145808;296;157;236;334;148;338;565;462;331;412;445;269;0
0;2;1440891145817;111;135;85;157;166;142;155;224;124;116;190;126;0
0;1;1440891145824;315;149;227;354;141;348;567;427;331;393;421;310;0
0;2;1440891145834;118;127;87;156;152;143;156;217;125;122;186;131;0
0;1;1440891145841;306;186;266;327;195;357;604;397;347;372;388;303;0
0;2;1440891145851;115;140;85;154;174;148;153;225;128;118;194;129;0
0;1;1440891145858;310;202;267;352;216;362;580;358;385;386;381;344;0
0;2;1440891145867;121;135;92;154;168;147;161;225;131;120;189;123;0
0;1;1440891145875;312;191;249;372;205;385;605;330;394;390;311;429;0
0;2;1440891145885;111;118;94;149;145;149;156;216;131;115;185;132;0
0;1;1440891145891;325;170;288;423;203;396;570;302;422;389;280;403;0
0;2;1440891145900;118;116;94;156;144;152;158;215;129;119;181;125;0
0;1;1440891145907;335;204;275;394;220;406;587;299;429;393;286;426;0
0;2;1440891145918;136;120;84;174;140;143;188;210;120;150;182;115;0
0;1;1440891145923;367;275;267;436;324;418;587;281;440;368;238;471;0
0;2;1440891145936;135;112;98;173;140;153;182;216;134;139;183;119;0
0;1;1440891145941;336;283;234;435;389;444;574;265;444;367;211;470;0
0;2;1440891145951;124;112;95;174;144;153;183;214;131;139;183;122;0
0;1;1440891145958;336;317;233;466;380;438;594;254;468;331;174;518;0
0;2;1440891145969;127;117;90;168;141;150;175;214;133;130;183;123;0
0;1;1440891145974;334;289;261;461;362;477;601;252;479;323;187;538;0
0;2;1440891145986;128;114;90;174;143;148;175;215;130;131;182;116;0
0;1;1440891145991;361;318;240;495;420;473;588;256;474;319;169;532;0
0;2;1440891146002;141;108;87;201;149;144;189;214;126;142;182;105;0
0;1;1440891146008;337;331;200;481;446;492;588;227;476;310;169;549;0
0;2;1440891146019;126;108;79;189;140;146;179;213;128;129;180;107;0
0;1;1440891146025;358;339;173;502;428;532;578;217;474;320;165;559;0
0;2;1440891146036;124;121;68;201;162;146;167;208;119;137;184;110;0
0;1;1440891146041;382;316;143;525;434;524;571;198;481;332;148;566;0
0;2;1440891146052;136;111;75;223;153;149;198;200;126;151;177;113;0
0;1;1440891146057;408;326;137;584;467;549;560;200;461;339;158;577;0
0;2;1440891146069;130;115;103;204;159;180;175;215;142;138;187;131;0
0;1;1440891146074;401;338;142;581;503;560;545;160;446;367;179;594;0
0;2;1440891146086;156;120;76;211;162;140;176;230;130;137;201;110;0
0;1;1440891146092;434;330;149;573;474;545;534;167;422;393;171;608;0
0;2;1440891146103;113;112;80;170;159;168;194;309;181;161;267;158;0
0;1;1440891146108;494;319;166;549;454;549;528;181;429;363;167;584;0
0;2;1440891146120;119;101;76;178;151;159;239;364;149;232;358;140;0
0;1;1440891146125;466;316;180;579;428;553;493;117;408;379;163;587;0
0;2;1440891146136;111;124;77;171;182;188;230;455;148;246;462;164;0
0;1;1440891146142;448;317;142;532;469;508;452;147;402;337;166;574;0
0;2;1440891146153;122;135;73;198;192;177;267;479;128;271;488;161;0
0;1;1440891146158;417;342;136;558;495;525;385;137;395;334;145;538;0
0;2;1440891146169;151;111;79;228;167;178;377;514;147;401;531;181;0
0;1;1440891146175;380;337;131;559;487;487;377;125;380;350;143;504;0
0;2;1440891146186;185;114;92;249;157;196;426;536;155;412;567;146;0
0;1;1440891146191;390;322;146;525;427;438;324;133;362;340;115;476;0
0;2;1440891146204;232;104;130;278;140;199;476;545;176;481;566;176;0
0;1;1440891146208;352;299;140;435;445;379;293;142;283;249;150;428;0
0;2;1440891146220;236;105;180;250;137;227;464;559;218;512;567;218;0
0;1;1440891146224;299;234;133;374;312;373;303;127;208;214;104;403;0
0;2;1440891146237;225;125;190;235;136;248;473;572;240;502;578;245;0
0;1;1440891146241;229;160;121;293;240;287;293;161;186;196;129;222;0
0;2;1440891146253;255;117;191;251;122;230;474;567;210;494;570;235;0
0;1;1440891146258;221;115;114;257;143;166;320;150;140;190;127;88;0
0;2;1440891146270;244;119;162;244;116;198;485;520;226;494;554;227;0
0;1;1440891146274;218;126;100;254;166;166;310;167;137;189;142;103;0
0;2;1440891146288;283;129;182;267;129;221;536;527;243;511;571;243;0
0;1;1440891146291;221;130;108;253;165;164;311;172;141;187;138;89;0
0;2;1440891146304;300;117;180;302;122;239;522;532;289;501;541;252;0
0;1;1440891146307;232;147;101;267;189;154;342;178;130;201;140;87;0
0;2;1440891146321;282;124;214;311;119;261;486;479;311;466;494;277;0
0;1;1440891146324;239;122;111;262;142;154;319;158;132;189;119;86;0
0;2;1440891146339;314;195;217;314;194;254;508;399;253;470;477;293;0
0;1;1440891146342;228;126;102;264;166;158;316;168;133;210;132;86;0
0;2;1440891146354;345;163;270;330;153;275;499;376;311;450;374;313;0
0;1;1440891146358;228;110;103;266;147;161;317;160;139;180;121;72;0
0;2;1440891146372;357;214;260;313;152;244;523;339;289;451;311;315;0
0;1;1440891146375;238;116;112;265;139;161;317;157;133;177;118;71;0
0;2;1440891146388;365;209;239;336;175;267;502;339;310;444;321;345;0
0;1;1440891146391;231;111;111;271;147;166;321;158;137;182;122;76;0
0;2;1440891146405;364;230;259;337;215;281;487;300;315;423;285;371;0
0;1;1440891146408;229;111;97;272;154;161;325;167;138;179;123;69;0
0;2;1440891146423;375;271;248;366;264;302;498;270;329;405;241;383;0
0;1;1440891146425;225;111;119;271;150;187;321;163;149;182;128;93;0
0;2;1440891146439;400;233;258;393;219;319;470;232;319;375;217;414;0
0;1;1440891146443;226;110;116;274;151;189;322;167;150;181;125;89;0
0;2;1440891146456;404;298;260;367;259;324;509;221;328;372;185;414;0
0;1;1440891146458;229;108;125;258;134;182;327;156;147;190;125;95;0
0;2;1440891146474;443;294;240;403;261;342;454;210;333;342;223;442;0
0;1;1440891146476;227;106;139;278;142;196;334;165;162;191;129;98;0
0;2;1440891146489;401;337;245;411;300;358;434;198;336;311;180;465;0
0;1;1440891146491;237;109;108;286;143;180;337;163;142;197;126;87;0
0;2;1440891146507;448;352;200;436;368;356;395;186;324;335;199;493;0
0;1;1440891146508;230;105;111;283;144;188;333;160;148;196;129;92;0
0;2;1440891146524;443;372;221;412;341;363;347;185;323;307;188;525;0
0;1;1440891146526;226;116;112;276;144;189;329;162;150;192;130;86;0
0;2;1440891146540;455;356;163;395;385;361;350;180;346;283;204;516;0
0;1;1440891146541;228;104;117;275;141;193;328;169;153;187;123;88;0
0;2;1440891146558;444;352;131;417;365;362;349;175;313;287;178;550;0
0;1;1440891146559;230;108;112;285;149;191;335;174;156;185;125;83;0
0;1;1440891146574;241;123;118;269;147;186;329;173;161;180;126;82;0
0;2;1440891146575;481;352;138;416;372;364;320;234;311;285;190;570;0
0;2;1440891146591;473;350;132;443;356;381;348;173;297;288;174;564;0
0;1;1440891146592;242;118;111;271;140;182;332;167;161;186;124;83;0
0;2;1440891146608;454;367;115;432;402;384;325;174;309;294;187;562;0
0;1;1440891146610;239;132;109;278;185;185;341;169;146;189;128;77;0
0;2;1440891146624;482;344;145;443;359;395;362;165;327;294;175;619;0
0;1;1440891146625;239;121;108;280;147;183;346;162;162;191;125;78;0
0;1;1440891146642;243;122;114;281;154;189;340;167;161;188;125;88;0
0;2;1440891146642;490;353;150;407;346;407;284;139;345;275;157;601;0
0;2;1440891146657;480;294;148;446;345;422;268;156;340;292;157;624;0
0;1;1440891146658;242;121;115;276;144;192;339;168;165;192;135;83;0
0;1;1440891146675;215;131;103;261;155;181;352;253;160;219;216;83;0
0;2;1440891146675;475;321;132;449;362;445;237;180;318;262;157;629;0
0;1;1440891146692;213;120;83;251;152;154;417;402;129;260;372;64;0
0;2;1440891146692;485;327;143;427;366;454;207;142;367;275;153;635;0
0;1;1440891146708;203;148;83;246;176;175;418;448;150;317;421;76;0
0;2;1440891146708;436;341;160;407;362;440;169;146;343;244;168;619;0
0;1;1440891146726;202;128;86;262;178;207;460;482;163;411;469;94;0
0;2;1440891146726;426;326;172;456;323;448;163;113;319;255;122;625;0
0;1;1440891146741;196;127;85;265;161;204;460;509;178;397;517;121;0
0;2;1440891146742;337;300;164;377;312;432;124;104;288;236;139;575;0
0;1;1440891146758;218;175;99;286;217;217;537;537;176;440;529;108;0
0;2;1440891146759;300;265;155;400;284;417;126;111;253;214;111;513;0
0;1;1440891146776;247;164;139;260;184;224;565;565;218;459;545;126;0
0;2;1440891146776;263;178;126;307;234;296;150;107;224;170;106;385;0
0;1;1440891146792;280;171;236;262;184;243;575;574;245;476;552;138;0
0;2;1440891146793;194;111;106;239;167;223;146;159;176;162;136;264;0
0;1;1440891146809;267;218;196;300;237;244;599;599;233;458;559;137;0
0;2;1440891146810;108;83;62;186;137;137;151;177;109;128;140;121;0
0;1;1440891146824;279;230;195;287;242;242;604;604;270;463;558;198;0
0;2;1440891146826;114;134;85;178;174;141;144;244;102;123;188;110;0
0;1;1440891146842;302;226;258;312;190;282;606;602;299;489;554;175;0
0;2;1440891146844;122;144;72;182;178;141;151;240;104;127;187;113;0
0;1;1440891146859;292;211;252;318;187;307;605;573;362;460;552;236;0
0;2;1440891146860;121;133;59;183;177;131;162;254;110;128;186;116;0
0;1;1440891146874;331;248;249;399;218;310;614;541;301;451;546;286;0
0;2;1440891146877;112;138;64;189;191;146;138;249;106;124;195;118;0
0;1;1440891146892;333;226;291;333;195;331;622;527;329;429;509;268;0
0;2;1440891146894;126;141;66;204;184;141;161;251;103;140;191;115;0
0;1;1440891146907;343;273;322;323;208;322;633;459;339;424;491;287;0
0;2;1440891146910;124;137;61;209;185;142;152;254;103;135;192;114;0
0;1;1440891146925;355;245;304;338;207;315;629;416;326;430;437;311;0
0;2;1440891146928;128;140;64;207;180;144;149;255;104;134;191;115;0
0;1;1440891146942;332;282;354;365;278;355;601;379;365;426;425;363;0
0;2;1440891146943;125;136;69;202;179;144;148;256;105;131;187;118;0
0;1;1440891146958;351;305;392;350;298;373;602;333;361;388;369;375;0
0;2;1440891146961;123;136;72;202;179;153;149;258;112;126;190;121;0
0;1;1440891146975;366;283;362;395;261;392;606;294;393;415;314;409;0
0;2;1440891146978;124;135;71;201;179;148;144;253;108;128;188;119;0
0;1;1440891146991;366;313;388;389;319;398;585;278;407;387;300;440;0
0;2;1440891146994;121;142;87;197;179;160;148;254;118;127;186;122;0
0;1;1440891147008;405;330;398;411;316;406;574;298;382;388;310;423;0
0;2;1440891147012;115;137;81;192;182;156;145;259;120;120;188;121;0
0;1;1440891147026;416;355;424;423;319;406;567;275;386;394;274;428;0
0;2;1440891147027;118;136;81;194;178;162;147;258;118;118;183;131;0
0;1;1440891147041;404;355;432;426;342;403;564;276;380;372;278;412;0
0;2;1440891147045;129;148;77;200;190;155;155;256;113;123;188;122;0
0;1;1440891147059;422;361;450;433;351;424;567;269;382;369;271;466;0
0;2;1440891147062;117;144;72;185;182;150;150;254;117;119;188;119;0
0;1;1440891147074;436;359;468;426;355;431;545;267;386;355;231;470;0
0;2;1440891147080;128;147;78;202;186;158;149;253;110;122;194;118;0
0;1;1440891147092;464;366;480;466;356;422;548;291;373;369;253;466;0
0;2;1440891147096;130;145;91;208;195;179;155;260;116;122;195;130;0
0;1;1440891147108;488;398;435;446;400;418;555;257;369;357;202;520;0
0;2;1440891147113;130;137;68;212;188;172;151;254;105;124;188;108;0
0;1;1440891147124;483;372;389;484;416;414;533;201;362;344;182;514;0
0;2;1440891147129;128;157;72;209;206;170;149;260;104;118;196;103;0
0;1;1440891147142;479;380;416;479;441;439;540;195;361;347;178;523;0
0;2;1440891147145;129;134;68;209;187;170;152;256;107;123;188;104;0
0;1;1440891147157;481;419;371;497;457;450;539;185;392;335;168;525;0
0;2;1440891147163;132;133;73;209;184;173;154;256;109;123;187;103;0
0;1;1440891147175;482;410;272;462;414;453;520;207;372;336;157;533;0
0;2;1440891147180;120;126;62;206;183;169;156;256;109;125;185;107;0
0;1;1440891147191;505;388;269;467;447;469;510;164;372;333;148;525;0
0;2;1440891147196;116;126;60;207;186;173;153;251;112;126;188;114;0
0;1;1440891147208;512;377;213;518;435;479;504;182;391;343;157;526;0
0;2;1440891147213;114;126;70;196;182;172;149;245;123;119;182;114;0
0;1;1440891147225;477;365;182;491;439;487;489;174;397;329;169;516;0
0;2;1440891147229;124;131;71;205;205;177;151;247;129;128;183;118;0
0;1;1440891147240;488;372;194;490;450;450;483;163;374;349;171;525;0
0;2;1440891147247;118;124;66;203;184;178;145;241;119;117;180;118;0
0;1;1440891147258;497;368;177;507;451;447;451;159;342;363;159;537;0
0;2;1440891147264;122;128;78;202;189;185;144;245;131;117;180;127;0
0;1;1440891147274;487;386;187;521;406;432;440;143;326;343;143;571;0
0;2;1440891147280;120;156;77;197;199;166;154;238;140;124;181;130;0
0;1;1440891147291;491;358;186;478;423;450;416;148;320;355;163;530;0
0;2;1440891147298;139;144;96;222;185;183;160;308;138;166;291;155;0
0;1;1440891147309;478;376;179;467;399;448;372;149;353;348;166;516;0
0;2;1440891147313;130;135;108;217;170;165;208;381;144;220;373;140;0
0;1;1440891147324;457;346;159;462;389;439;346;152;319;339;174;516;0
0;2;1440891147331;163;117;108;235;155;228;262;425;176;284;445;198;0
0;1;1440891147342;450;339;169;446;391;449;332;140;305;343;159;500;0
0;2;1440891147348;172;130;82;252;168;175;304;453;128;335;493;152;0
0;1;1440891147359;427;375;142;450;410;429;324;149;307;329;160;485;0
0;2;1440891147364;189;113;108;261;123;209;367;457;161;405;477;175;0
0;1;1440891147375;406;414;155;479;435;423;320;145;290;327;164;468;0
0;2;1440891147381;178;101;217;263;112;266;440;451;244;452;512;238;0
0;1;1440891147392;417;378;146;445;422;408;290;145;288;316;169;470;0
0;2;1440891147397;215;126;245;255;116;275;434;484;291;460;532;277;0
0;1;1440891147409;354;345;156;428;380;368;309;141;242;276;142;437;0
0;2;1440891147415;242;121;274;282;103;284;482;491;272;507;508;294;0
0;1;1440891147425;333;339;158;364;375;366;290;150;239;248;148;411;0
0;2;1440891147432;263;124;283;317;106;286;518;491;291;519;511;324;0
0;1;1440891147443;296;284;145;328;314;297;290;152;212;240;144;354;0
0;2;1440891147448;280;125;273;341;118;301;555;478;302;540;502;362;0
0;1;1440891147459;252;192;110;331;251;258;291;174;159;272;176;232;0
0;2;1440891147465;284;133;324;299;127;308;531;478;315;525;488;365;0
0;1;1440891147476;213;145;112;253;178;182;304;229;156;228;236;130;0
0;2;1440891147481;288;168;284;319;162;325;549;494;347;512;504;366;0
0;1;1440891147492;210;139;108;246;165;166;304;229;156;196;219;104;0
0;2;1440891147498;304;174;298;335;168;331;567;444;354;514;473;372;0
0;1;1440891147510;219;137;107;250;163;150;308;215;135;196;209;89;0
0;2;1440891147516;302;193;272;325;162;328;600;415;352;500;441;403;0
0;1;1440891147526;218;128;101;253;158;153;314;203;135;204;189;89;0
0;2;1440891147531;315;233;279;354;199;355;576;403;356;476;402;382;0
0;1;1440891147543;218;132;97;253;161;152;314;199;132;200;179;89;0
0;2;1440891147549;351;210;239;387;194;324;581;380;325;424;389;380;0
0;1;1440891147559;222;129;99;256;158;158;308;195;129;201;179;87;0
0;2;1440891147566;370;230;336;328;177;332;570;341;361;398;330;427;0
0;1;1440891147576;224;131;104;258;164;159;307;200;132;204;184;96;0
0;2;1440891147582;373;224;277;344;180;336;582;317;351;399;318;430;0
0;1;1440891147594;226;128;101;264;164;159;311;201;131;204;180;92;0
0;2;1440891147600;352;221;273;342;187;336;555;326;354;404;286;449;0
0;1;1440891147610;216;127;104;267;177;175;301;197;132;200;182;102;0
0;2;1440891147615;369;218;242;370;178;323;570;290;342;432;292;453;0
0;1;1440891147626;219;130;102;264;169;165;306;200;130;201;181;93;0
0;2;1440891147633;382;216;299;364;190;341;563;267;345;409;275;475;0
0;1;1440891147644;216;127;96;263;172;161;311;200;134;204;180;87;0
0;2;1440891147650;357;222;252;389;216;351;557;265;343;420;281;474;0
0;1;1440891147659;215;124;94;261;170;162;313;203;141;198;180;115;0
0;2;1440891147666;340;239;254;358;219;343;563;280;366;421;276;507;0
0;1;1440891147677;215;128;97;259;171;162;315;205;135;200;180;80;0
0;2;1440891147684;351;261;279;406;222;373;606;285;352;428;293;515;0
0;1;1440891147695;217;158;100;255;204;163;312;214;135;190;188;75;0
0;2;1440891147701;346;284;271;398;232;356;607;268;390;409;264;524;0
0;1;1440891147710;218;129;99;276;188;178;313;202;136;193;179;80;0
0;2;1440891147717;337;292;252;400;242;394;601;275;381;412;277;564;0
0;1;1440891147728;228;129;104;277;180;175;312;195;137;203;178;94;0
0;2;1440891147734;333;309;262;396;256;368;590;266;393;428;298;569;0
0;1;1440891147743;227;130;104;267;175;174;305;185;138;197;170;86;0
0;2;1440891147752;346;329;217;404;276;354;621;291;392;432;294;561;0
0;1;1440891147760;232;136;115;262;173;172;301;185;135;192;170;91;0
0;2;1440891147768;378;344;228;400;271;358;624;283;392;430;298;558;0
0;1;1440891147778;234;137;111;262;173;171;302;182;133;203;175;97;0
0;2;1440891147785;336;351;208;398;270;358;604;266;388;430;302;550;0
0;1;1440891147793;228;155;111;260;194;174;295;189;133;199;186;96;0
0;2;1440891147801;354;324;210;396;279;356;608;275;386;425;295;557;0
0;1;1440891147811;217;188;108;260;221;177;295;199;133;198;194;89;0
0;2;1440891147818;350;318;234;391;281;373;605;263;377;415;274;566;0
0;1;1440891147828;230;170;99;298;222;177;310;196;135;212;191;89;0
0;2;1440891147836;360;319;267;395;280;378;582;284;378;413;294;551;0
0;1;1440891147844;220;175;107;271;219;180;307;202;148;200;189;92;0
0;2;1440891147852;371;320;210;412;262;371;632;252;364;430;269;571;0
0;1;1440891147862;218;178;107;267;217;183;304;206;142;202;196;100;0
0;2;1440891147868;404;304;219;405;240;363;616;252;363;430;244;569;0
0;1;1440891147878;240;143;118;266;168;173;314;192;142;211;180;101;0
0;2;1440891147885;381;258;283;389;219;387;622;239;370;435;242;585;0
0;1;1440891147895;245;139;121;271;163;175;313;191;140;212;179;102;0
0;2;1440891147902;372;257;284;403;245;394;596;243;374;390;225;592;0
0;1;1440891147911;236;139;115;262;168;181;311;201;141;210;187;107;0
0;2;1440891147919;385;297;292;436;260;388;605;224;384;358;195;589;0
0;1;1440891147929;232;162;119;260;180;175;299;228;135;203;196;104;0
0;2;1440891147936;416;316;270;452;241;385;574;229;380;339;168;584;0
0;1;1440891147945;234;157;120;266;184;188;291;222;133;205;202;105;0
0;2;1440891147953;419;383;214;408;269;397;515;219;402;304;194;602;0
0;1;1440891147962;239;167;130;256;172;162;300;262;134;224;268;109;0
0;2;1440891147969;413;305;161;429;294;467;476;176;373;318;161;627;0
0;1;1440891147980;251;156;141;252;149;162;338;266;135;270;251;105;0
0;2;1440891147985;423;260;136;417;292;461;336;173;358;285;170;616;0
0;1;1440891147995;251;150;156;251;141;159;379;311;136;294;311;100;0
0;2;1440891148003;421;272;141;402;298;417;281;168;364;265;159;615;0
0;1;1440891148013;249;146;202;237;133;171;394;333;155;324;376;117;0
0;2;1440891148019;394;249;125;370;282;401;259;179;315;241;148;576;0
0;1;1440891148030;270;143;217;248;128;168;404;325;161;391;426;112;0
0;2;1440891148036;361;255;136;362;290;419;175;204;302;202;171;535;0
0;1;1440891148045;268;154;201;254;164;171;492;419;136;431;437;102;0
0;2;1440891148054;310;238;131;320;254;366;128;192;271;173;148;455;0
0;1;1440891148063;301;213;221;274;193;156;504;475;133;445;475;80;0
0;2;1440891148071;212;242;100;260;251;277;145;228;196;169;170;333;0
0;1;1440891148080;304;235;239;277;190;178;511;490;138;490;500;104;0
0;2;1440891148087;156;147;106;257;199;262;161;213;172;159;158;304;0
0;1;1440891148096;336;184;262;319;157;174;525;505;144;518;518;107;0
0;2;1440891148104;139;120;138;221;169;240;183;207;198;158;160;255;0
0;1;1440891148114;315;180;310;297;155;188;541;510;172;530;536;117;0
0;2;1440891148121;132;101;89;214;132;196;197;219;172;148;167;177;0
0;1;1440891148129;311;185;335;273;158;199;521;518;176;524;523;148;0
0;2;1440891148138;136;110;86;206;146;186;192;201;157;152;154;170;0
0;1;1440891148147;314;204;357;265;176;201;534;533;177;532;532;147;0
0;2;1440891148155;137;94;124;207;122;204;199;207;201;140;141;200;0
0;1;1440891148164;319;218;360;257;194;192;533;533;181;535;535;144;0
0;2;1440891148171;130;96;136;201;123;209;210;201;196;149;146;193;0
0;1;1440891148180;321;196;362;270;202;201;545;541;184;542;540;136;0
0;2;1440891148188;123;106;89;200;132;187;193;198;172;145;146;157;0
0;1;1440891148197;320;216;364;263;211;199;545;545;193;538;537;143;0
0;2;1440891148205;129;99;131;206;125;201;207;212;185;146;163;177;0
0;1;1440891148214;316;202;362;259;198;198;543;541;187;535;535;139;0
0;2;1440891148222;117;112;119;188;150;180;187;232;159;148;186;160;0
0;1;1440891148230;322;201;363;261;187;192;553;545;191;539;541;141;0
0;2;1440891148238;117;90;68;178;122;142;187;200;129;147;149;127;0
0;1;1440891148247;335;187;358;279;172;200;553;544;197;537;537;139;0
0;2;1440891148255;130;93;65;184;129;136;201;220;119;154;159;119;0
0;1;1440891148263;327;179;382;268;158;214;556;538;213;532;540;143;0
0;2;1440891148271;133;87;72;193;117;135;201;205;118;166;153;148;0
0;1;1440891148281;338;185;360;280;165;206;559;538;201;535;541;133;0
0;2;1440891148289;122;92;62;191;126;130;224;211;115;170;142;146;0
0;1;1440891148297;356;198;323;289;171;198;568;548;197;547;548;132;0
0;2;1440891148305;130;105;68;196;136;138;207;200;119;158;140;141;0
0;1;1440891148313;361;175;317;293;156;198;569;548;195;541;544;126;0
0;2;1440891148322;136;105;63;205;139;134;231;226;124;168;173;148;0
0;1;1440891148330;351;167;359;298;153;228;557;533;214;548;548;178;0
0;2;1440891148340;136;95;61;208;128;133;231;216;119;169;152;147;0
0;1;1440891148346;338;170;319;285;161;269;585;526;255;536;556;149;0
0;2;1440891148355;138;96;77;207;127;150;206;218;132;159;145;158;0
0;1;1440891148364;333;203;302;271;185;230;572;534;245;538;546;158;0
0;2;1440891148373;134;94;75;214;126;160;208;211;136;158;140;164;0
0;1;1440891148380;340;206;307;282;170;266;587;529;272;545;556;191;0
0;2;1440891148391;134;95;84;226;133;173;215;212;157;153;138;138;0
0;1;1440891148398;333;177;345;278;180;276;581;524;285;547;555;204;0
0;2;1440891148406;130;89;82;229;138;179;225;213;152;153;133;131;0
0;1;1440891148413;347;186;333;294;173;283;582;518;284;550;552;214;0
0;2;1440891148424;146;101;80;236;148;170;231;210;161;169;143;139;0
0;1;1440891148430;345;196;367;281;173;308;599;510;317;550;559;222;0
0;2;1440891148439;141;102;79;237;144;169;240;214;156;166;144;140;0
0;1;1440891148447;344;218;358;296;205;299;594;511;293;545;562;223;0
0;2;1440891148457;132;122;87;225;149;189;213;222;165;157;158;179;0
0;1;1440891148463;350;226;344;317;212;277;591;506;300;522;555;203;0
0;2;1440891148474;139;148;79;246;204;192;242;279;153;182;215;166;0
0;1;1440891148481;328;239;312;284;232;294;584;507;317;512;543;215;0
0;2;1440891148490;125;114;85;219;165;174;222;297;162;169;255;155;0
0;1;1440891148496;335;210;345;292;202;296;579;505;330;506;531;236;0
0;2;1440891148507;152;117;99;240;158;192;284;323;164;233;293;179;0
0;1;1440891148513;341;160;346;313;141;294;576;468;304;504;465;262;0
0;2;1440891148523;178;108;92;262;144;187;339;339;168;290;331;178;0
0;1;1440891148530;316;151;293;291;128;287;571;417;313;429;422;247;0
0;2;1440891148541;166;100;111;252;139;202;328;374;186;316;361;188;0
0;1;1440891148546;309;138;289;263;108;263;552;382;296;358;363;206;0
0;2;1440891148558;178;108;147;236;126;214;386;402;219;350;363;216;0
0;1;1440891148564;291;118;247;270;96;249;516;323;292;321;300;174;0
0;2;1440891148573;193;104;116;260;147;207;424;415;217;404;403;212;0
0;1;1440891148579;291;100;228;275;90;243;464;237;282;306;213;173;0
0;2;1440891148591;206;101;115;267;132;198;493;418;197;420;420;199;0
0;1;1440891148596;289;130;164;288;120;239;429;231;273;278;187;154;0
0;2;1440891148606;225;93;116;291;126;210;482;457;219;421;435;210;0
0;1;1440891148614;304;107;153;296;114;213;425;187;311;270;183;177;0
0;2;1440891148624;219;98;141;274;133;242;505;471;252;401;465;252;0
0;1;1440891148629;296;126;152;287;123;207;410;202;209;244;171;119;0
0;2;1440891148642;214;114;160;263;130;243;479;486;238;402;476;227;0
0;1;1440891148646;284;123;130;288;128;195;407;201;183;239;185;124;0
0;2;1440891148657;196;94;148;266;132;247;526;508;261;395;470;229;0
0;1;1440891148663;269;126;127;284;146;190;400;203;165;230;169;89;0
0;2;1440891148675;202;143;161;246;173;250;424;455;260;398;456;239;0
0;1;1440891148679;259;113;142;277;125;189;376;211;168;211;179;101;0
0;2;1440891148690;187;94;145;258;134;248;525;510;246;406;455;240;0
0;1;1440891148697;248;108;138;285;123;179;381;203;149;214;182;76;0
0;2;1440891148708;186;125;143;253;165;245;525;517;276;403;460;249;0
0;1;1440891148713;241;118;122;281;129;178;374;223;151;218;187;81;0
0;2;1440891148726;208;128;159;277;149;270;526;520;280;410;460;255;0
0;1;1440891148729;242;109;116;277;129;171;374;206;150;217;183;81;0
0;2;1440891148741;192;136;151;279;179;284;544;516;269;424;451;256;0
0;1;1440891148746;240;107;108;279;128;165;372;207;141;216;183;71;0
0;2;1440891148759;183;137;141;273;194;290;542;513;301;408;446;262;0
0;1;1440891148764;233;100;110;287;136;173;369;212;141;209;185;64;0
0;2;1440891148776;185;170;131;276;195;273;550;511;260;399;448;250;0
0;1;1440891148780;229;102;119;281;137;189;364;204;157;204;182;77;0
0;2;1440891148792;199;105;176;304;151;337;559;491;307;385;422;273;0
0;1;1440891148796;225;96;108;276;140;169;366;209;145;205;186;69;0
0;2;1440891148810;186;116;167;286;154;355;557;479;334;356;415;285;0
0;1;1440891148813;230;99;108;281;139;168;378;200;148;207;176;65;0
0;2;1440891148827;184;112;172;295;147;338;575;461;338;366;409;269;0
0;1;1440891148829;255;96;104;304;132;160;395;194;131;226;165;65;0
0;2;1440891148843;192;112;142;302;151;286;597;458;316;383;396;264;0
0;1;1440891148847;225;107;101;287;140;168;362;199;140;206;170;64;0
0;2;1440891148860;190;118;162;289;150;305;568;455;330;376;381;277;0
0;1;1440891148863;236;103;110;280;138;165;358;197;137;209;177;69;0
0;2;1440891148878;199;117;157;292;162;306;586;439;356;391;373;285;0
0;1;1440891148879;230;97;104;276;136;164;369;192;140;204;169;63;0
0;2;1440891148894;206;131;150;310;166;297;594;456;323;379;370;285;0
0;1;1440891148897;235;128;106;265;143;155;374;234;140;211;192;68;0
0;2;1440891148910;192;119;140;310;161;283;601;458;335;380;369;279;0
0;1;1440891148912;240;103;108;272;127;165;356;192;136;210;168;64;0
0;2;1440891148927;191;97;139;299;152;284;603;461;333;362;373;264;0
0;1;1440891148929;240;106;112;269;122;163;365;200;148;209;169;68;0
0;2;1440891148943;209;103;166;302;144;300;608;449;338;381;375;286;0
0;1;1440891148947;240;103;113;269;122;165;366;194;152;208;165;68;0
0;2;1440891148961;245;161;193;315;201;291;620;443;325;411;386;296;0
0;1;1440891148962;245;108;112;268;123;166;363;187;145;210;173;66;0
0;2;1440891148978;203;133;190;283;167;294;625;415;330;437;385;325;0
0;1;1440891148980;242;110;119;267;126;167;362;190;145;212;172;71;0
0;2;1440891148994;216;124;194;323;159;288;632;420;320;414;356;356;0
0;1;1440891148996;246;114;120;269;123;163;367;202;145;217;174;78;0
0;2;1440891149011;225;144;267;316;165;358;606;379;380;405;341;371;0
0;1;1440891149012;250;114;122;267;124;164;363;197;145;216;176;72;0
0;2;1440891149028;267;180;327;318;168;339;604;361;378;392;318;374;0
0;1;1440891149030;256;119;127;274;122;170;370;194;144;212;172;69;0
0;2;1440891149045;272;244;336;342;227;349;584;361;356;402;322;380;0
0;1;1440891149047;252;116;122;273;125;168;366;200;147;218;175;75;0
0;2;1440891149061;317;241;318;357;213;356;609;295;385;419;295;419;0
0;1;1440891149063;247;120;132;269;129;176;364;208;156;216;182;82;0
0;2;1440891149078;319;278;325;335;269;317;576;277;395;374;279;443;0
0;1;1440891149080;258;120;132;278;125;176;370;208;153;228;184;85;0
0;2;1440891149095;348;379;279;377;325;346;554;214;399;413;252;460;0
0;1;1440891149097;250;120;132;269;127;180;363;202;155;227;187;90;0
0;2;1440891149112;420;368;287;404;334;381;511;208;375;339;218;528;0
0;1;1440891149114;253;122;139;271;126;183;365;201;158;233;178;90;0
0;2;1440891149129;404;379;203;425;354;416;424;162;381;312;193;507;0
0;1;1440891149130;259;121;133;280;127;176;365;198;153;229;179;87;0
0;2;1440891149145;482;394;145;451;362;378;360;192;361;330;220;549;0
0;1;1440891149146;257;121;131;285;127;175;364;199;151;230;177;85;0
0;2;1440891149162;511;411;137;413;373;426;356;185;395;314;204;567;0
0;1;1440891149163;259;121;132;285;129;174;366;202;149;225;179;77;0
0;2;1440891149178;515;369;140;474;368;430;334;200;382;297;196;600;0
0;1;1440891149181;259;117;136;291;125;180;373;191;155;231;177;87;0
0;2;1440891149195;504;370;135;457;443;464;240;156;337;267;169;615;0
0;1;1440891149197;258;122;150;268;122;178;373;206;151;229;193;79;0
0;1;1440891149213;220;134;104;261;149;163;385;364;145;237;314;70;0
0;2;1440891149213;519;343;152;408;376;465;250;166;332;259;171;634;0
0;2;1440891149228;499;427;160;396;386;467;155;160;306;225;172;634;0
0;1;1440891149230;237;114;99;279;132;166;431;395;138;292;363;67;0
0;1;1440891149246;225;120;89;267;143;165;435;387;125;354;419;75;0
0;2;1440891149246;519;345;151;430;365;449;181;135;306;253;155;617;0
0;1;1440891149264;239;128;93;284;147;169;437;430;134;328;419;76;0
0;2;1440891149264;438;382;137;378;367;433;98;133;292;224;144;575;0
0;2;1440891149279;395;403;151;404;409;444;114;163;280;230;189;590;0
0;1;1440891149280;240;134;93;302;164;176;455;454;123;372;432;73;0
0;1;1440891149296;227;141;118;261;154;183;433;467;150;390;459;110;0
0;2;1440891149297;370;385;149;378;361;373;106;116;268;206;133;524;0
0;2;1440891149312;333;345;134;331;332;342;83;137;250;195;164;460;0
0;1;1440891149313;242;140;116;272;143;178;474;474;152;397;469;100;0
0;1;1440891149329;263;124;149;273;124;173;501;500;159;424;487;106;0
0;2;1440891149330;274;271;129;302;286;294;90;125;186;177;162;399;0
0;1;1440891149347;282;166;177;272;139;179;534;513;178;456;515;109;0
0;2;1440891149347;245;232;89;246;214;245;109;136;146;162;142;305;0
0;1;1440891149363;290;168;227;255;152;202;557;547;200;488;539;141;0
0;2;1440891149363;141;118;79;192;152;166;143;156;120;146;141;176;0
0;1;1440891149380;287;138;210;308;151;226;557;510;223;546;548;129;0
0;2;1440891149380;118;111;68;159;142;119;148;188;99;122;148;116;0
0;1;1440891149396;298;156;277;289;181;238;565;539;253;523;548;179;0
0;2;1440891149398;134;119;67;174;148;125;164;190;103;141;156;119;0
0;1;1440891149413;314;181;275;319;228;282;555;522;271;544;547;200;0
0;2;1440891149414;114;122;70;151;151;124;137;177;107;129;170;125;0
0;1;1440891149430;329;195;327;321;198;292;588;509;275;511;549;218;0
0;2;1440891149431;148;122;66;190;149;125;186;189;104;172;187;119;0
0;1;1440891149447;315;198;317;303;211;329;590;491;311;510;543;264;0
0;2;1440891149447;138;117;68;186;142;128;178;180;103;173;180;125;0
0;1;1440891149463;298;201;339;310;226;372;610;487;336;485;510;299;0
0;2;1440891149464;147;123;70;181;146;124;183;171;102;184;179;127;0
0;1;1440891149481;340;222;312;346;221;358;603;435;309;473;476;328;0
0;2;1440891149481;134;113;68;181;137;128;172;166;101;175;165;126;0
0;1;1440891149496;343;265;309;336;287;361;592;432;322;444;461;314;0
0;2;1440891149497;138;119;65;183;142;130;169;177;98;172;176;124;0
0;1;1440891149514;329;269;314;376;326;385;592;423;331;416;438;335;0
0;2;1440891149515;138;120;72;178;149;130;176;182;103;171;179;122;0
0;1;1440891149530;347;226;389;373;245;417;593;369;361;424;404;379;0
0;2;1440891149530;130;131;72;171;157;133;172;192;113;162;185;128;0
0;1;1440891149547;379;286;320;406;352;408;587;376;351;388;359;386;0
0;2;1440891149548;120;125;67;163;152;131;171;196;108;155;183;124;0
0;1;1440891149565;394;298;362;372;340;402;602;331;359;402;351;406;0
0;2;1440891149565;132;131;75;169;158;130;163;188;102;160;187;123;0
0;1;1440891149580;393;316;344;387;353;386;601;311;336;436;317;412;0
0;2;1440891149581;143;133;93;176;148;140;164;187;116;162;185;132;0
0;1;1440891149597;396;311;391;410;347;425;580;299;366;432;320;430;0
0;2;1440891149599;141;130;81;174;145;135;165;187;108;160;178;125;0
0;1;1440891149613;403;347;390;420;347;419;592;276;403;398;254;448;0
0;2;1440891149614;137;127;110;167;141;162;161;182;126;155;181;140;0
0;1;1440891149630;405;348;368;450;388;414;589;222;370;379;220;473;0
0;2;1440891149632;141;134;114;173;148;156;167;190;118;157;186;124;0
0;1;1440891149647;428;406;351;443;412;443;578;201;355;337;173;507;0
0;2;1440891149649;145;133;84;174;149;135;164;188;105;149;177;114;0
0;1;1440891149663;447;442;330;494;466;425;580;216;383;353;185;516;0
0;2;1440891149665;143;122;83;189;147;144;171;185;109;161;179;109;0
0;1;1440891149680;478;386;313;501;410;463;563;203;399;311;153;528;0
0;2;1440891149683;156;120;80;196;143;140;178;187;110;162;179;114;0
0;1;1440891149697;468;422;272;502;466;464;572;197;378;318;141;538;0
0;2;1440891149700;165;131;77;204;152;133;204;190;105;178;177;105;0
0;1;1440891149713;474;413;252;507;484;453;537;176;357;337;173;546;0
0;2;1440891149716;161;144;69;212;156;130;197;180;96;193;180;113;0
0;1;1440891149729;492;396;231;494;457;468;539;161;375;342;151;549;0
0;2;1440891149733;164;158;82;206;165;137;191;193;115;170;185;105;0
0;1;1440891149746;464;422;184;524;490;485;532;169;383;327;153;550;0
0;2;1440891149750;143;133;75;196;147;141;201;203;129;153;169;110;0
0;1;1440891149764;467;385;173;518;497;496;516;184;381;331;175;571;0
0;2;1440891149767;139;128;94;194;148;169;188;192;136;155;176;137;0
0;1;1440891149780;490;392;189;527;506;490;509;171;389;356;180;568;0
0;2;1440891149783;143;127;90;198;150;167;179;190;133;154;178;136;0
0;1;1440891149797;500;383;143;517;468;466;487;153;355;366;170;571;0
0;2;1440891149801;128;126;99;176;146;163;152;196;131;113;160;125;0
0;1;1440891149813;523;365;158;514;499;490;429;183;357;322;178;568;0
0;2;1440891149817;153;120;73;233;158;141;263;315;125;203;251;119;0
0;1;1440891149830;479;377;166;501;472;486;399;156;374;325;173;578;0
0;2;1440891149834;100;117;79;156;171;165;208;339;148;196;325;173;0
0;1;1440891149847;473;348;153;511;502;494;370;156;343;323;183;567;0
0;2;1440891149851;114;96;63;221;166;187;275;431;151;243;418;150;0
0;1;1440891149864;469;341;167;506;464;477;335;128;365;350;149;514;0
0;2;1440891149867;140;105;108;205;158;212;318;461;168;292;468;168;0
0;1;1440891149880;427;360;135;545;491;488;320;127;346;328;151;524;0
0;2;1440891149885;126;82;101;214;133;236;322;511;182;337;490;198;0
0;1;1440891149896;442;349;139;520;454;466;303;124;334;306;140;505;0
0;2;1440891149900;186;105;126;218;133;206;416;525;187;416;515;182;0
0;1;1440891149913;427;336;156;446;421;419;300;120;315;303;134;461;0
0;2;1440891149918;189;127;115;233;145;203;465;553;208;393;521;187;0
0;1;1440891149929;365;334;163;398;389;403;263;136;262;221;122;421;0
0;2;1440891149935;237;136;163;265;147;236;471;564;205;447;541;205;0
0;1;1440891149947;300;296;130;354;364;339;256;172;194;194;141;381;0
0;2;1440891149951;273;202;166;273;206;225;469;589;209;462;538;198;0
0;1;1440891149964;243;165;124;284;238;260;282;169;181;207;157;239;0
0;2;1440891149968;265;146;162;271;125;206;521;583;233;470;525;201;0
0;1;1440891149980;185;102;98;241;144;183;292;206;140;159;167;65;0
0;2;1440891149984;287;143;177;304;127;281;513;571;258;495;524;247;0
0;1;1440891149996;219;149;96;296;214;157;325;199;127;185;168;62;0
0;2;1440891150002;296;142;175;313;143;257;516;567;236;517;525;248;0
0;1;1440891150012;219;119;94;292;163;164;311;183;122;177;149;60;0
0;2;1440891150019;316;152;189;309;145;268;539;544;258;548;499;257;0
0;1;1440891150030;207;116;97;261;151;161;301;189;125;172;148;68;0
0;2;1440891150035;314;166;224;331;158;314;537;531;251;479;479;269;0
0;1;1440891150047;210;126;100;262;153;153;310;197;134;173;147;65;0
0;2;1440891150052;303;191;169;318;219;289;517;478;310;478;467;311;0
0;1;1440891150063;210;121;100;260;157;163;308;199;138;169;147;66;0
0;2;1440891150068;305;163;228;306;168;318;502;424;352;457;419;350;0
0;1;1440891150080;213;119;98;260;153;160;312;200;134;174;148;70;0
0;2;1440891150086;308;161;259;325;186;333;505;374;334;431;350;371;0
0;1;1440891150097;221;125;104;262;157;162;309;199;128;172;147;64;0
0;2;1440891150103;316;166;236;311;190;305;471;328;323;404;320;366;0
0;1;1440891150113;223;125;105;259;151;161;311;199;133;174;146;68;0
0;2;1440891150118;294;202;269;321;197;338;480;317;341;382;309;379;0
0;1;1440891150130;215;120;110;255;148;169;307;198;137;176;149;81;0
0;2;1440891150136;310;206;201;338;234;317;486;309;338;361;279;375;0
0;1;1440891150146;215;125;98;262;159;161;307;199;127;183;157;71;0
0;2;1440891150153;335;209;188;348;213;323;493;309;336;344;263;414;0
0;1;1440891150163;218;125;102;239;145;152;303;196;130;182;156;67;0
0;2;1440891150169;364;251;230;340;266;352;482;289;324;353;271;410;0
0;1;1440891150181;223;140;107;254;160;155;301;200;123;181;159;66;0
0;2;1440891150186;355;256;211;364;233;362;484;278;338;358;275;422;0
0;1;1440891150197;214;125;103;260;155;164;303;197;132;182;154;68;0
0;2;1440891150202;360;284;168;424;275;382;481;261;353;386;237;453;0
0;1;1440891150214;214;114;94;255;155;155;318;201;141;185;155;64;0
0;2;1440891150220;372;345;223;420;325;385;492;238;340;350;211;476;0
0;1;1440891150230;240;122;107;264;142;158;321;197;139;185;158;72;0
0;2;1440891150237;409;332;227;411;321;410;471;219;361;362;236;483;0
0;1;1440891150246;241;126;117;260;136;156;315;189;134;184;148;59;0
0;2;1440891150253;428;335;183;411;350;366;495;204;337;357;211;512;0
0;1;1440891150264;234;111;98;272;142;161;330;191;144;192;151;62;0
0;2;1440891150270;450;325;189;427;346;380;491;176;342;356;178;533;0
0;1;1440891150280;232;115;103;275;149;176;328;194;150;189;149;71;0
0;2;1440891150288;430;332;210;458;353;415;478;191;413;329;186;570;0
0;1;1440891150297;238;120;105;281;160;178;337;197;156;191;150;70;0
0;2;1440891150304;444;347;218;414;336;421;509;155;376;307;171;571;0
0;1;1440891150314;220;125;112;266;163;186;333;198;156;186;152;72;0
0;2;1440891150321;473;357;140;485;373;440;475;165;386;314;167;608;0
0;1;1440891150330;218;121;117;276;176;197;329;195;157;184;151;83;0
0;2;1440891150338;478;341;146;504;406;441;494;162;388;319;168;632;0
0;1;1440891150347;214;123;109;266;171;194;348;219;164;188;148;74;0
0;2;1440891150354;493;297;118;514;389;476;459;146;385;316;145;632;0
0;1;1440891150363;209;130;127;250;183;222;341;222;198;180;155;112;0
0;2;1440891150371;479;293;109;461;394;475;397;172;387;288;136;642;0
0;1;1440891150380;213;119;127;253;164;223;342;217;200;188;150;142;0
0;2;1440891150388;468;339;137;498;384;481;362;149;396;252;156;668;0
0;1;1440891150398;212;122;109;266;160;183;330;269;152;192;204;73;0
0;2;1440891150405;484;310;141;487;388;471;288;159;378;280;136;668;0
0;1;1440891150413;205;133;105;245;160;177;372;315;160;227;293;71;0
0;2;1440891150422;484;304;135;500;359;490;294;146;387;327;152;660;0
0;1;1440891150431;220;127;82;271;149;175;434;431;146;262;391;69;0
0;2;1440891150438;471;305;157;477;367;484;221;142;373;254;131;664;0
0;1;1440891150448;205;143;76;268;174;196;420;444;138;320;419;76;0
0;2;1440891150455;459;300;147;479;363;482;162;132;341;235;134;628;0
0;1;1440891150464;225;143;90;263;176;209;428;460;153;355;439;93;0
0;2;1440891150473;417;324;172;453;358;496;161;102;370;237;129;608;0
0;1;1440891150481;211;134;103;266;148;218;455;477;147;377;468;106;0
0;2;1440891150488;356;311;166;437;334;480;164;113;364;220;106;581;0
0;1;1440891150498;258;117;111;286;130;176;516;516;154;429;499;104;0
0;2;1440891150506;325;249;167;359;290;436;193;107;294;194;113;512;0
0;1;1440891150514;265;141;174;277;134;187;553;515;153;442;520;90;0
0;2;1440891150521;251;196;137;282;202;350;152;97;263;178;102;445;0
0;1;1440891150531;290;135;188;280;134;208;569;548;190;469;527;119;0
0;2;1440891150539;185;113;89;246;164;223;196;120;156;175;128;271;0
0;1;1440891150547;305;158;224;270;149;215;580;558;214;459;546;140;0
0;2;1440891150557;119;89;61;202;150;138;222;170;114;155;129;115;0
0;1;1440891150565;324;146;294;296;140;244;588;567;238;505;553;191;0
0;2;1440891150572;116;138;64;191;210;144;195;206;107;138;177;115;0
0;1;1440891150581;321;182;348;283;152;245;598;573;248;493;564;208;0
0;2;1440891150590;154;119;62;240;173;144;247;196;112;190;157;125;0
0;1;1440891150598;333;199;389;269;171;281;596;580;259;511;553;232;0
0;2;1440891150605;144;122;63;222;177;155;214;182;107;155;156;115;0
0;1;1440891150615;351;223;365;277;193;293;604;532;248;497;536;250;0
0;2;1440891150623;135;122;75;226;175;179;213;188;115;154;153;116;0
0;1;1440891150630;376;258;339;301;244;277;613;506;322;519;517;251;0
0;2;1440891150641;139;120;61;232;170;177;205;179;99;158;152;115;0
0;1;1440891150648;397;285;356;305;278;290;593;454;268;506;464;252;0
0;2;1440891150657;133;104;59;235;149;182;203;176;103;154;139;111;0
0;1;1440891150664;404;293;440;349;308;311;586;444;318;496;436;274;0
0;2;1440891150674;132;95;64;238;147;185;203;172;110;160;140;123;0
0;1;1440891150681;382;301;365;356;291;348;566;361;300;461;364;307;0
0;2;1440891150690;133;123;64;238;178;179;207;183;101;158;151;112;0
0;1;1440891150698;413;333;407;360;320;346;577;364;300;451;364;347;0
0;2;1440891150707;147;119;61;248;166;159;218;188;110;174;155;119;0
0;1;1440891150715;398;358;433;345;357;367;563;304;310;445;315;399;0
0;2;1440891150725;160;100;67;260;143;154;231;178;113;185;142;124;0
0;1;1440891150731;421;333;371;385;314;377;573;278;311;456;242;448;0
0;2;1440891150741;171;104;70;271;147;153;237;177;113;192;151;127;0
0;1;1440891150748;454;344;387;412;354;384;567;224;313;450;190;432;0
0;2;1440891150758;174;111;68;274;149;152;238;178;115;191;151;124;0
0;1;1440891150764;438;360;389;385;354;382;553;193;332;389;200;460;0
0;2;1440891150775;188;103;68;280;141;147;245;177;123;202;150;122;0
0;1;1440891150781;469;382;421;396;361;385;547;182;326;340;184;486;0
0;2;1440891150791;180;126;65;282;172;146;242;184;119;200;157;120;0
0;1;1440891150798;482;397;390;385;371;385;540;188;340;330;180;481;0
0;2;1440891150808;177;103;70;280;148;149;240;182;125;198;157;121;0
0;1;1440891150815;483;393;392;394;369;409;518;181;349;317;182;502;0
0;2;1440891150825;194;116;73;280;147;148;237;173;126;195;148;116;0
0;1;1440891150831;483;429;349;396;447;381;531;181;326;321;184;518;0
0;2;1440891150843;182;143;74;274;174;152;230;175;127;188;162;123;0
0;1;1440891150847;474;396;318;460;414;394;530;182;324;333;183;535;0
0;2;1440891150858;206;131;84;290;175;174;240;183;142;200;164;150;0
0;1;1440891150865;508;427;307;428;452;405;510;169;323;326;176;517;0
0;2;1440891150876;185;138;77;281;183;164;234;184;131;194;167;135;0
0;1;1440891150881;472;422;291;415;434;428;495;152;325;338;166;517;0
0;2;1440891150892;187;130;83;274;170;165;235;181;130;194;153;137;0
0;1;1440891150897;480;390;289;433;445;442;489;156;333;329;181;517;0
0;2;1440891150909;170;132;85;245;162;169;212;182;128;167;158;132;0
0;1;1440891150914;479;396;269;429;445;432;472;146;354;327;182;511;0
0;2;1440891150925;168;139;81;237;173;157;210;187;122;165;163;128;0
0;1;1440891150932;469;426;241;441;455;455;459;165;337;294;173;517;0
0;2;1440891150942;164;118;82;255;163;169;217;184;126;179;153;138;0
0;1;1440891150948;485;439;191;455;474;416;465;189;305;322;194;522;0
0;2;1440891150960;175;123;79;282;166;174;230;181;125;197;164;141;0
0;1;1440891150965;494;407;210;451;477;437;449;171;309;326;167;514;0
0;2;1440891150976;175;119;77;278;165;155;246;221;125;200;174;145;0
0;1;1440891150981;493;395;205;461;432;436;433;161;305;340;176;530;0
0;2;1440891150993;104;77;74;185;136;172;203;250;155;201;210;172;0
0;1;1440891150998;506;405;188;460;444;452;369;149;360;324;164;549;0
0;2;1440891151009;113;85;76;205;152;195;247;330;159;228;295;182;0
0;1;1440891151014;482;403;169;443;415;458;367;151;308;352;191;526;0
0;2;1440891151026;116;101;68;199;160;176;284;433;140;264;395;159;0
0;1;1440891151031;480;416;174;471;434;479;364;149;301;315;170;525;0
0;2;1440891151043;132;82;81;225;138;203;345;496;165;326;491;173;0
0;1;1440891151048;473;377;164;486;405;459;350;129;330;356;176;488;0
0;2;1440891151060;189;170;114;213;135;184;359;547;167;365;549;168;0
0;1;1440891151064;448;340;152;509;419;485;320;126;340;327;159;506;0
0;2;1440891151077;168;187;103;225;172;214;431;568;214;402;548;169;0
0;1;1440891151081;429;339;153;490;423;455;336;143;330;339;153;468;0
0;2;1440891151094;212;121;168;230;126;188;455;615;217;391;569;204;0
0;1;1440891151098;425;315;160;452;384;436;288;130;296;317;142;452;0
0;2;1440891151110;274;158;177;284;145;233;447;593;206;439;563;207;0
0;1;1440891151115;354;317;162;402;344;391;292;134;259;234;101;402;0
0;2;1440891151127;295;166;213;274;142;229;478;590;241;432;564;212;0
0;1;1440891151132;297;248;154;336;298;334;278;139;226;201;115;384;0
0;2;1440891151144;312;172;249;338;163;269;507;569;290;506;555;264;0
0;1;1440891151148;253;151;117;331;218;255;306;147;170;218;110;216;0
0;2;1440891151161;321;184;282;325;184;289;548;557;287;515;516;289;0
0;1;1440891151164;205;132;96;259;172;183;297;196;135;173;155;59;0
0;2;1440891151178;318;182;336;328;182;329;543;514;355;469;466;302;0
0;1;1440891151182;219;117;120;258;154;189;304;166;151;191;143;105;0
0;2;1440891151194;344;244;230;320;212;287;528;481;315;445;428;302;0
0;1;1440891151198;223;122;102;274;165;177;310;169;134;195;143;83;0
0;2;1440891151212;355;221;210;360;202;307;545;453;312;432;388;329;0
0;1;1440891151215;228;119;99;283;163;179;307;164;134;191;137;84;0
0;2;1440891151228;389;191;239;360;175;329;542;416;343;428;304;399;0
0;1;1440891151231;222;117;109;270;165;188;306;160;139;195;142;92;0
0;2;1440891151244;372;226;285;365;226;339;539;381;361;385;292;454;0
0;1;1440891151248;220;114;104;279;159;183;309;170;142;199;146;96;0
0;2;1440891151262;356;226;190;364;223;328;534;318;350;380;219;429;0
0;1;1440891151265;221;114;116;271;153;200;309;163;155;199;142;110;0
0;2;1440891151279;379;231;173;406;223;361;530;311;355;353;219;456;0
0;1;1440891151281;224;119;112;277;158;184;318;168;144;197;142;91;0
0;2;1440891151295;381;214;218;407;187;376;565;289;380;340;190;451;0
0;1;1440891151298;214;113;113;261;153;186;314;172;146;192;144;93;0
0;2;1440891151312;375;203;218;418;242;373;590;277;355;342;184;473;0
0;1;1440891151316;210;120;94;271;165;165;306;170;110;196;148;62;0
0;2;1440891151330;346;208;195;430;239;376;560;246;359;341;189;483;0
0;1;1440891151331;216;126;89;271;174;151;304;174;111;195;154;71;0
0;2;1440891151346;357;222;217;398;225;384;597;232;373;329;167;497;0
0;1;1440891151348;214;122;92;269;165;159;304;170;114;197;148;70;0
0;2;1440891151363;341;198;152;417;218;399;641;224;393;327;151;506;0
0;1;1440891151365;222;121;89;275;160;156;310;168;114;200;148;67;0
0;1;1440891151381;219;125;98;270;166;157;307;167;116;199;152;66;0
0;2;1440891151381;359;180;148;443;203;421;597;230;382;326;139;518;0
0;2;1440891151396;331;174;164;408;196;434;612;207;396;319;159;513;0
0;1;1440891151399;222;127;95;276;171;158;320;168;117;201;154;64;0
0;1;1440891151414;222;124;96;271;163;155;326;169;118;199;151;64;0
0;2;1440891151414;334;190;192;398;202;393;628;220;385;339;177;519;0
0;2;1440891151430;328;192;191;421;215;442;632;223;400;339;196;527;0
0;1;1440891151431;232;134;102;275;167;160;318;166;114;204;152;64;0
0;2;1440891151447;356;189;187;447;234;418;649;205;416;346;170;531;0
0;1;1440891151448;228;128;97;283;174;163;321;171;117;201;152;65;0
0;1;1440891151464;226;125;101;278;176;169;317;169;121;194;147;64;0
0;2;1440891151464;338;194;173;437;213;439;660;222;417;333;169;541;0
0;2;1440891151480;338;191;182;455;232;449;655;252;409;326;162;543;0
0;1;1440891151482;225;127;145;266;162;210;318;175;167;186;144;83;0
0;1;1440891151497;248;141;140;268;161;215;310;165;177;185;146;96;0
0;2;1440891151497;328;201;146;423;251;452;661;184;446;298;158;540;0
0;1;1440891151515;229;133;159;272;173;211;317;177;182;186;145;93;0
0;2;1440891151515;328;211;153;402;211;457;640;166;425;281;136;566;0
0;1;1440891151531;231;126;134;269;161;209;332;180;168;178;142;75;0
0;2;1440891151532;329;180;124;450;226;438;649;168;436;309;125;569;0
0;1;1440891151548;239;150;115;276;180;219;318;219;137;177;175;63;0
0;2;1440891151548;321;204;150;436;267;467;635;132;446;315;147;588;0
0;1;1440891151565;253;164;123;290;179;182;325;224;144;178;190;69;0
0;2;1440891151565;314;194;169;410;242;449;616;132;447;293;135;591;0
0;1;1440891151580;244;155;104;302;187;194;338;234;141;176;200;56;0
0;2;1440891151581;296;229;176;389;252;462;621;134;461;269;116;592;0
0;1;1440891151598;229;164;103;306;181;186;339;214;146;182;182;63;0
0;2;1440891151599;310;233;174;420;237;472;572;167;472;271;133;584;0
0;1;1440891151614;257;146;106;309;174;188;331;197;132;189;171;62;0
0;2;1440891151616;305;212;164;393;257;471;549;212;447;268;159;574;0
0;1;1440891151630;253;125;149;266;143;230;365;169;233;235;211;136;0
0;2;1440891151632;291;247;162;416;280;496;500;202;468;258;172;562;0
0;1;1440891151648;278;150;173;270;164;267;402;149;281;250;189;198;0
0;2;1440891151649;299;214;143;439;248;459;462;185;464;267;155;545;0
0;1;1440891151663;275;116;149;325;149;311;454;188;286;285;220;249;0
0;2;1440891151667;280;187;154;400;239;471;376;150;440;231;126;502;0
0;1;1440891151681;289;139;163;325;144;341;501;193;311;295;202;302;0
0;2;1440891151683;286;161;135;390;201;431;391;115;416;233;103;451;0
0;1;1440891151698;299;152;190;330;198;374;543;255;349;256;187;336;0
0;2;1440891151700;235;150;127;403;228;422;281;142;416;198;99;450;0
0;1;1440891151714;324;178;307;342;180;405;581;251;374;334;236;343;0
0;2;1440891151717;206;132;157;302;208;374;304;115;362;185;95;413;0
0;1;1440891151732;360;220;356;342;206;412;586;299;408;366;306;391;0
0;2;1440891151733;179;122;137;307;190;358;230;115;358;200;119;349;0
0;1;1440891151747;330;246;374;340;227;422;624;272;375;381;288;380;0
0;2;1440891151750;191;117;124;304;180;307;278;123;305;199;118;268;0
0;1;1440891151764;342;276;325;350;258;406;625;316;377;389;306;414;0
0;2;1440891151768;186;137;121;228;171;255;188;146;282;132;126;222;0
0;1;1440891151781;339;212;328;375;215;416;624;354;395;411;321;413;0
0;2;1440891151783;130;127;88;240;191;193;204;190;209;134;148;150;0
0;1;1440891151797;315;178;303;347;202;407;625;313;386;441;326;398;0
0;2;1440891151801;145;92;119;263;138;237;199;153;202;139;112;169;0
0;1;1440891151815;283;178;244;327;144;393;618;334;374;433;360;344;0
0;2;1440891151816;137;73;123;262;115;227;202;159;200;145;113;168;0
0;1;1440891151831;299;131;283;301;108;359;581;384;369;418;436;267;0
0;2;1440891151834;124;79;83;221;123;219;204;170;177;116;108;153;0
0;1;1440891151848;313;133;253;300;121;312;560;450;352;441;436;212;0
0;2;1440891151852;119;66;82;223;117;206;194;154;176;128;110;148;0
0;1;1440891151865;282;134;261;284;130;289;544;499;300;424;477;156;0
0;2;1440891151867;127;72;86;201;106;186;193;159;157;130;115;147;0
0;1;1440891151880;286;154;189;288;150;236;556;518;297;408;495;125;0
0;2;1440891151885;115;89;106;209;136;214;192;176;172;116;116;201;0
0;1;1440891151898;271;145;168;296;150;258;522;522;270;406;469;137;0
0;2;1440891151900;118;78;106;206;121;214;195;183;172;123;123;193;0
0;1;1440891151915;281;168;167;290;169;253;533;534;293;428;476;108;0
0;2;1440891151918;119;82;106;209;132;208;194;182;177;124;127;179;0
0;1;1440891151931;315;161;181;273;142;237;565;555;259;419;488;96;0
0;2;1440891151934;115;98;104;207;164;207;188;181;166;128;137;181;0
0;1;1440891151948;290;155;166;321;163;267;533;532;249;425;475;96;0
0;2;1440891151951;117;72;118;207;122;232;199;177;175;130;125;186;0
0;1;1440891151965;275;180;168;301;207;254;546;545;271;422;485;101;0
0;2;1440891151969;122;79;107;204;120;202;193;175;168;139;131;198;0
0;1;1440891151981;252;167;162;295;182;243;544;545;281;398;496;110;0
0;2;1440891151984;117;80;109;195;110;209;192;168;166;122;118;172;0
0;1;1440891151998;250;168;170;295;171;257;564;564;243;397;509;104;0
0;2;1440891152002;122;103;105;205;147;193;207;183;181;135;131;177;0
0;1;1440891152015;245;181;154;284;173;266;585;585;250;414;533;105;0
0;2;1440891152019;122;78;103;210;122;204;205;182;182;136;129;180;0
0;1;1440891152031;246;192;124;291;203;230;573;572;199;394;531;100;0
0;2;1440891152035;125;79;113;209;118;223;210;183;191;130;124;202;0
0;1;1440891152047;234;209;197;272;233;277;563;563;264;393;538;142;0
0;2;1440891152053;123;83;117;200;120;218;208;188;192;131;130;205;0
0;1;1440891152065;225;188;189;271;223;249;587;591;219;381;547;120;0
0;2;1440891152070;122;80;109;204;117;213;211;185;190;132;125;184;0
0;1;1440891152081;223;154;161;273;176;246;575;597;216;371;554;107;0
0;2;1440891152086;116;77;104;204;119;207;205;184;198;129;123;187;0
0;1;1440891152098;226;156;160;278;181;250;561;574;212;373;537;121;0
0;2;1440891152103;123;74;109;205;122;205;211;184;195;136;128;186;0
0;1;1440891152115;249;177;141;280;194;225;551;570;189;378;546;109;0
0;2;1440891152119;117;73;103;201;116;207;217;173;191;130;122;177;0
0;1;1440891152130;246;167;116;299;190;226;560;560;185;356;524;107;0
0;2;1440891152137;125;82;74;214;135;171;203;213;191;143;151;154;0
0;1;1440891152148;246;175;119;289;199;225;531;545;184;351;517;107;0
0;2;1440891152153;143;121;76;227;167;183;231;267;159;201;221;182;0
0;1;1440891152165;247;186;122;276;199;223;515;539;185;332;507;100;0
0;2;1440891152170;172;124;129;238;152;201;287;356;186;244;266;163;0
0;1;1440891152181;220;185;119;257;205;223;499;523;218;271;485;90;0
0;2;1440891152186;167;108;83;247;149;180;327;407;188;306;346;172;0
0;1;1440891152198;243;189;158;283;204;235;465;465;190;276;422;106;0
0;2;1440891152204;189;113;112;254;148;215;332;341;209;340;338;216;0
0;1;1440891152214;223;194;143;260;213;242;435;453;222;236;405;110;0
0;2;1440891152220;198;111;120;257;133;200;404;370;198;340;330;181;0
0;1;1440891152231;238;173;141;263;191;236;426;393;202;221;386;101;0
0;2;1440891152237;191;114;139;241;130;211;359;349;225;363;351;207;0
0;1;1440891152248;229;190;130;259;204;219;419;409;190;258;389;89;0
0;2;1440891152255;200;103;162;250;126;228;409;383;225;371;362;223;0
0;1;1440891152264;234;181;143;258;188;227;426;374;190;254;389;98;0
0;2;1440891152270;210;108;167;236;112;225;403;397;219;407;379;238;0
0;1;1440891152281;213;171;113;270;198;198;439;402;175;231;381;74;0
0;2;1440891152288;239;124;182;238;122;217;419;449;222;384;365;221;0
0;1;1440891152297;228;139;140;247;160;184;432;398;161;257;394;79;0
0;2;1440891152304;200;107;170;249;131;234;418;453;228;402;393;226;0
0;1;1440891152315;246;165;146;279;177;187;442;419;150;272;395;69;0
0;2;1440891152321;218;121;168;261;147;238;442;460;239;423;413;219;0
0;1;1440891152330;248;144;135;274;151;189;460;406;151;285;399;86;0
0;2;1440891152339;223;123;159;243;138;215;441;459;224;411;393;224;0
0;1;1440891152347;268;143;164;294;143;207;455;375;147;299;398;87;0
0;2;1440891152356;255;122;174;258;120;212;437;469;222;410;397;219;0
0;1;1440891152365;265;136;145;307;145;204;465;385;138;297;408;61;0
0;2;1440891152372;238;124;177;255;131;230;449;451;240;414;400;226;0
0;1;1440891152380;266;140;153;308;139;218;469;383;176;342;429;104;0
0;2;1440891152390;267;106;174;298;126;248;451;448;237;409;400;226;0
0;1;1440891152398;262;141;169;305;146;208;462;395;151;301;424;107;0
0;2;1440891152405;260;105;167;296;123;233;450;444;243;420;401;230;0
0;1;1440891152413;258;132;181;312;142;214;474;392;164;320;424;115;0
0;2;1440891152423;264;107;175;290;116;234;445;437;250;450;387;230;0
0;1;1440891152431;262;131;135;322;142;198;475;395;136;329;427;88;0
0;2;1440891152438;255;98;149;302;115;238;468;425;265;453;412;237;0
0;1;1440891152448;269;144;137;335;155;206;482;403;135;327;433;62;0
0;2;1440891152456;222;93;176;273;117;262;460;464;270;441;418;253;0
0;1;1440891152464;267;130;137;306;145;206;490;430;137;327;440;57;0
0;2;1440891152474;193;84;161;257;115;250;454;459;259;426;428;231;0
0;1;1440891152481;263;129;140;308;136;213;496;421;140;336;432;63;0
0;2;1440891152489;197;87;159;261;114;232;464;466;248;440;444;236;0
0;1;1440891152497;256;126;135;302;132;212;488;459;151;353;437;66;0
0;2;1440891152507;187;69;124;275;118;260;458;457;223;451;454;210;0
0;1;1440891152514;247;116;133;302;135;228;498;462;161;349;452;68;0
0;2;1440891152522;188;88;117;255;125;240;453;473;240;454;454;227;0
0;1;1440891152531;227;114;196;290;131;268;482;452;192;364;447;113;0
0;2;1440891152540;204;99;119;258;124;226;452;471;223;469;462;211;0
0;1;1440891152547;226;179;135;283;191;216;490;485;153;365;447;80;0
0;2;1440891152558;186;85;101;266;123;219;451;476;212;481;454;203;0
0;1;1440891152564;219;119;161;277;141;234;481;483;173;343;458;94;0
0;2;1440891152573;186;75;90;267;111;217;454;464;213;486;459;196;0
0;1;1440891152581;217;115;150;281;143;223;484;471;165;348;451;82;0
0;2;1440891152591;196;79;97;270;105;223;454;462;208;490;462;196;0
0;1;1440891152597;235;111;103;289;134;191;497;455;145;379;457;64;0
0;2;1440891152608;187;79;99;253;108;219;447;470;217;474;465;196;0
0;1;1440891152615;236;115;98;272;130;191;486;476;144;381;454;59;0
0;2;1440891152624;164;91;95;236;128;231;449;462;229;455;460;183;0
0;1;1440891152630;230;115;103;261;125;175;481;481;162;364;454;65;0
0;2;1440891152642;162;93;138;244;140;261;413;452;243;440;459;215;0
0;1;1440891152648;233;127;106;256;134;178;478;471;151;373;452;67;0
0;2;1440891152658;152;121;90;234;188;224;401;427;216;400;436;183;0
0;1;1440891152664;226;161;111;245;179;180;473;472;159;366;453;75;0
0;2;1440891152675;159;120;79;234;183;193;389;406;208;364;404;162;0
0;1;1440891152681;218;171;108;233;182;180;452;473;151;357;447;74;0
0;2;1440891152691;167;129;90;236;193;200;356;405;188;345;376;173;0
0;1;1440891152698;224;132;110;240;140;176;459;451;145;348;448;61;0
0;2;1440891152708;202;120;76;271;183;199;322;379;171;328;344;158;0
0;1;1440891152715;248;130;104;264;131;169;459;445;145;337;430;59;0
0;2;1440891152726;201;113;71;256;173;181;347;362;189;328;297;161;0
0;1;1440891152731;235;114;119;267;145;214;438;418;169;335;421;79;0
0;2;1440891152742;195;137;134;247;184;219;282;384;200;269;346;186;0
0;1;1440891152748;227;134;110;252;150;194;431;401;163;307;412;67;0
0;2;1440891152759;180;104;89;235;145;173;281;294;165;300;277;163;0
0;1;1440891152764;222;144;97;247;155;185;417;385;140;261;404;43;0
0;2;1440891152775;152;88;87;205;119;166;280;275;175;243;242;155;0
0;1;1440891152781;239;127;103;263;134;170;413;358;148;269;388;63;0
0;2;1440891152793;136;81;89;200;111;171;267;281;162;245;225;190;0
0;1;1440891152797;231;120;99;279;143;169;412;336;146;270;368;66;0
0;2;1440891152809;144;95;86;202;130;171;265;290;156;231;234;173;0
0;1;1440891152814;222;120;104;266;138;183;393;307;135;256;368;64;0
0;2;1440891152826;168;94;103;209;122;179;252;282;162;224;232;166;0
0;1;1440891152831;212;110;101;257;134;190;391;305;129;240;380;58;0
0;2;1440891152843;161;105;100;209;139;182;257;286;165;222;235;173;0
0;1;1440891152847;224;118;107;264;136;172;388;331;137;240;338;63;0
0;2;1440891152859;162;119;102;214;148;184;256;284;176;214;236;173;0
0;1;1440891152864;238;114;113;253;123;160;402;304;144;265;313;72;0
0;2;1440891152876;161;112;106;216;144;190;257;300;190;215;251;173;0
0;1;1440891152881;231;115;108;272;135;172;374;311;163;276;313;83;0
0;2;1440891152893;140;113;101;194;143;185;249;309;185;196;258;177;0
0;1;1440891152897;231;118;115;261;135;201;378;307;140;256;299;71;0
0;2;1440891152909;161;124;108;215;146;189;250;308;180;204;268;181;0
0;1;1440891152914;251;134;131;255;139;169;373;290;140;260;299;72;0
0;2;1440891152927;181;110;104;250;130;185;280;296;186;229;235;174;0
0;1;1440891152931;254;135;132;248;131;163;368;285;143;248;299;72;0
0;2;1440891152943;166;111;100;237;144;185;248;302;178;213;253;171;0
0;1;1440891152948;255;139;145;244;128;174;359;266;151;238;279;85;0
0;2;1440891152960;170;112;104;234;141;187;265;313;188;209;256;176;0
0;1;1440891152964;255;136;137;256;131;167;353;259;139;230;261;71;0
0;2;1440891152977;151;108;102;214;134;180;236;311;168;190;231;172;0
0;1;1440891152980;270;128;137;262;126;165;362;240;135;267;252;70;0
0;2;1440891152993;151;96;146;218;130;205;238;281;189;178;230;184;0
0;1;1440891152997;242;123;127;258;134;173;368;256;143;253;266;78;0
0;2;1440891153011;160;116;106;203;133;166;224;281;152;171;225;151;0
0;1;1440891153015;255;124;132;277;138;176;368;268;151;235;272;77;0
0;2;1440891153026;146;115;103;196;133;172;214;271;165;171;229;163;0
0;1;1440891153031;231;127;124;255;134;165;380;274;150;241;268;77;0
0;2;1440891153044;135;106;112;186;134;186;207;267;177;160;217;174;0
0;1;1440891153048;231;163;123;242;164;166;376;278;144;247;264;71;0
0;2;1440891153060;138;104;111;179;128;173;195;248;159;152;196;161;0
0;1;1440891153064;234;132;143;245;136;174;365;272;151;235;261;101;0
0;2;1440891153077;138;94;103;190;120;175;219;242;169;194;212;160;0
0;1;1440891153080;246;136;141;247;136;173;361;252;148;234;256;87;0
0;2;1440891153093;141;98;94;185;121;167;216;255;162;141;181;149;0
0;1;1440891153098;252;120;133;265;133;177;382;238;153;264;238;89;0
0;2;1440891153110;163;127;105;194;139;162;201;274;156;152;216;143;0
0;1;1440891153114;250;124;133;268;137;180;381;242;154;253;247;92;0
0;2;1440891153128;159;136;107;189;144;160;197;281;146;153;219;144;0
0;1;1440891153130;266;122;131;284;135;181;396;232;167;279;243;104;0
0;2;1440891153144;157;117;109;187;125;162;207;243;158;156;181;145;0
0;1;1440891153146;248;128;128;264;142;173;374;245;150;253;251;99;0
0;2;1440891153161;161;125;112;187;134;165;197;236;156;150;184;146;0
0;1;1440891153163;252;126;134;266;134;173;373;239;153;261;242;99;0
0;2;1440891153179;162;134;108;189;143;161;196;269;147;151;217;142;0
0;1;1440891153181;247;123;132;258;135;174;372;248;151;243;238;98;0
0;2;1440891153194;161;128;106;188;141;162;197;265;150;147;212;141;0
0;1;1440891153197;247;126;136;256;131;176;369;247;155;242;239;100;0
0;2;1440891153212;158;133;115;193;148;170;208;262;161;148;206;148;0
0;1;1440891153214;258;127;135;262;133;175;383;241;152;273;244;98;0
0;2;1440891153229;157;126;112;190;141;167;191;259;156;143;202;143;0
0;1;1440891153230;255;119;135;263;132;177;381;236;156;265;231;96;0
0;2;1440891153245;154;126;108;194;140;168;193;260;162;144;208;147;0
0;1;1440891153246;257;121;137;265;134;175;383;234;156;272;241;101;0
0;1;1440891153263;244;125;138;257;136;179;368;235;160;248;241;102;0
0;2;1440891153263;153;124;112;191;135;172;191;255;164;145;204;148;0
0;2;1440891153278;158;125;125;194;136;183;191;243;173;144;194;157;0
0;1;1440891153280;245;126;133;254;134;174;370;244;157;241;242;100;0
0;2;1440891153295;163;122;118;194;136;169;194;245;160;147;193;148;0
0;1;1440891153297;246;125;139;257;136;178;373;244;157;247;238;100;0
0;2;1440891153312;163;124;114;198;138;175;192;246;158;148;186;146;0
0;1;1440891153313;242;125;132;254;136;178;371;243;162;246;238;99;0
0;1;1440891153330;241;127;131;259;140;179;371;240;158;244;246;100;0
0;2;1440891153330;158;121;111;196;138;171;195;252;155;150;190;148;0
0;2;1440891153346;164;119;110;204;137;170;201;246;158;157;195;154;0
0;1;1440891153348;247;131;138;254;138;177;368;247;165;238;242;98;0
0;2;1440891153363;159;110;110;199;127;170;200;237;154;149;174;152;0
0;1;1440891153364;248;135;144;265;153;187;362;241;162;245;244;98;0
0;2;1440891153379;159;105;113;191;117;163;205;238;158;152;169;149;0
0;1;1440891153381;247;135;143;263;148;197;362;244;172;244;253;110;0
0;2;1440891153396;157;107;104;198;126;169;206;243;151;156;179;150;0
0;1;1440891153397;246;126;154;260;134;211;358;234;183;247;249;119;0
0;2;1440891153412;151;107;106;194;126;168;209;246;152;153;182;151;0
0;1;1440891153413;244;121;155;259;135;214;362;236;185;245;247;122;0
0;2;1440891153430;157;101;106;199;122;173;211;245;156;154;177;154;0
0;1;1440891153431;244;127;150;259;139;208;361;239;178;243;249;118;0
0;1;1440891153447;243;131;151;258;141;206;359;241;178;248;263;128;0
0;2;1440891153447;151;95;100;214;127;176;218;242;157;162;174;154;0
0;2;1440891153463;150;103;97;211;138;175;214;253;152;161;193;150;0
0;1;1440891153464;242;126;151;258;138;209;363;245;179;246;261;123;0
0;1;1440891153480;246;125;154;260;135;210;363;238;177;242;253;118;0
0;2;1440891153480;154;100;126;210;135;197;212;248;169;163;189;166;0
0;1;1440891153497;259;123;152;265;134;206;373;230;174;258;244;116;0
0;2;1440891153497;155;95;102;217;127;177;223;208;161;166;166;154;0
0;1;1440891153514;248;124;159;259;137;215;361;234;178;245;248;124;0
0;2;1440891153514;154;104;99;220;137;178;222;243;154;176;180;151;0
0;1;1440891153531;249;137;147;266;147;200;359;251;167;243;278;105;0
0;2;1440891153531;157;106;98;220;141;179;228;256;159;170;189;154;0
0;1;1440891153547;259;137;140;279;148;189;370;258;158;255;279;97;0
0;2;1440891153548;161;105;102;224;138;183;231;253;158;172;183;155;0
0;1;1440891153564;261;139;133;282;148;178;376;262;156;260;275;94;0
0;2;1440891153564;156;101;98;226;141;187;227;255;158;169;188;154;0
0;1;1440891153580;256;134;138;281;149;188;370;266;169;251;278;100;0
0;2;1440891153581;155;106;103;222;144;193;222;256;162;165;189;160;0
0;1;1440891153598;258;136;142;280;148;191;365;262;166;253;282;110;0
0;2;1440891153598;148;103;96;214;141;187;219;258;162;165;190;157;0
0;1;1440891153614;252;133;140;278;147;195;369;262;173;249;279;105;0
0;2;1440891153614;152;102;104;209;137;190;220;255;167;158;182;158;0
0;1;1440891153631;247;133;141;271;148;192;369;261;168;246;277;108;0
0;2;1440891153632;155;101;102;212;128;185;226;254;167;163;178;159;0
0;1;1440891153647;243;138;145;261;151;194;363;270;170;239;275;106;0
0;2;1440891153647;157;99;107;215;127;184;228;263;169;163;189;159;0
0;1;1440891153663;240;132;144;263;152;198;360;265;170;234;268;109;0
0;2;1440891153665;161;106;105;207;134;180;218;263;162;154;183;154;0
0;1;1440891153680;249;127;143;269;147;198;370;258;171;245;256;112;0
0;2;1440891153683;158;104;101;205;134;176;221;267;165;156;187;156;0
0;1;1440891153697;244;125;148;263;140;201;365;252;178;241;246;113;0
0;2;1440891153698;161;105;104;202;133;180;218;260;163;154;181;154;0
0;1;1440891153714;245;128;146;265;143;199;367;251;165;244;245;111;0
0;2;1440891153716;162;107;101;202;134;177;217;267;160;159;191;158;0
0;1;1440891153730;248;133;143;267;148;200;366;254;166;247;252;107;0
0;2;1440891153731;165;104;103;193;126;174;219;260;167;152;181;157;0
0;1;1440891153747;246;130;148;268;147;203;363;253;167;243;253;110;0
0;2;1440891153749;169;110;103;197;126;174;220;252;161;150;178;149;0
0;1;1440891153763;249;129;144;267;143;198;363;247;164;257;250;111;0
0;2;1440891153767;173;112;107;202;132;178;218;262;163;153;189;155;0
0;1;1440891153781;246;125;143;265;140;201;370;245;173;247;254;111;0
0;2;1440891153782;172;115;106;202;131;176;226;271;169;162;201;155;0
0;1;1440891153797;250;132;149;263;140;200;371;246;176;248;252;118;0
0;2;1440891153800;176;124;113;197;133;171;219;265;162;158;198;155;0
0;1;1440891153814;254;127;143;269;140;199;375;244;172;252;255;111;0
0;2;1440891153817;169;108;106;197;131;172;211;259;160;157;191;154;0
0;1;1440891153830;248;130;139;268;144;196;368;247;164;250;264;103;0
0;2;1440891153833;174;113;115;200;130;184;214;260;176;154;190;168;0
0;1;1440891153848;248;129;142;268;145;195;371;247;167;248;258;101;0
0;2;1440891153851;177;116;117;200;132;180;212;258;175;156;195;167;0
0;1;1440891153864;248;135;144;268;147;195;370;255;165;249;269;107;0
0;2;1440891153868;176;115;115;203;134;185;216;258;171;160;191;165;0
0;1;1440891153881;245;131;142;264;146;193;372;249;165;255;262;114;0
0;2;1440891153884;174;116;128;207;138;196;216;264;181;162;199;171;0
0;1;1440891153897;247;132;143;264;145;195;371;248;166;255;263;121;0
0;2;1440891153901;179;121;127;205;142;198;214;265;188;162;204;180;0
0;1;1440891153914;243;128;180;269;148;215;367;248;188;249;266;122;0
0;2;1440891153917;174;113;152;197;135;223;212;267;223;154;209;209;0
0;1;1440891153931;246;125;164;265;140;200;370;243;178;254;269;114;0
0;2;1440891153935;173;117;147;196;141;211;211;269;198;157;209;191;0
0;1;1440891153948;246;126;153;265;142;206;371;244;177;308;241;122;0
0;2;1440891153951;170;120;161;194;141;220;206;265;203;154;207;197;0
0;1;1440891153964;248;133;143;267;147;202;373;250;172;250;273;110;0
0;2;1440891153968;172;115;166;194;137;229;215;269;213;154;204;203;0
0;1;1440891153981;250;132;146;271;152;204;372;249;164;253;276;104;0
0;2;1440891153984;173;119;170;193;138;229;200;237;215;148;202;203;0
0;1;1440891153997;249;131;138;275;151;204;373;243;161;251;266;103;0
0;2;1440891154002;174;114;166;199;142;235;209;269;216;152;204;205;0
0;1;1440891154014;252;129;142;270;143;200;374;235;160;256;262;106;0
0;2;1440891154019;173;112;163;196;134;227;213;266;214;152;199;203;0
0;1;1440891154031;251;135;134;275;155;202;373;251;153;253;276;96;0
0;2;1440891154035;162;105;165;204;133;231;216;261;216;160;198;207;0
0;1;1440891154047;248;130;129;277;156;202;375;246;155;259;273;94;0
0;2;1440891154053;164;105;168;202;135;238;218;261;225;162;198;212;0
0;1;1440891154065;254;139;133;272;154;190;376;247;156;256;269;100;0
0;2;1440891154068;162;103;170;197;128;236;216;261;222;158;189;209;0
0;1;1440891154080;253;142;134;270;159;188;375;260;159;255;265;100;0
0;2;1440891154086;159;104;171;203;130;242;213;257;222;155;191;209;0
0;1;1440891154098;253;139;134;270;151;185;376;257;157;256;260;98;0
0;2;1440891154102;165;105;170;201;126;237;214;251;223;158;183;211;0
0;1;1440891154114;258;137;136;271;151;190;377;259;159;253;256;101;0
0;2;1440891154119;161;105;168;198;131;235;212;254;219;160;195;212;0
0;2;1440891154137;164;107;168;201;130;236;210;254;221;164;197;215;0
